ID,LABEL
0,80
1,56
2,37
3,51
4,73
5,33
6,69
7,3
8,3
9,97
10,1
11,86
12,15
13,56
14,46
15,27
16,76
17,1
18,40
19,93
20,49
21,92
22,64
23,12
24,49
25,46
26,18
27,33
28,40
29,58
30,57
31,71
32,23
33,92
34,71
35,9
36,65
37,23
38,19
39,23
40,12
41,30
42,66
43,24
44,92
45,10
46,80
47,51
48,21
49,91
50,28
51,28
52,39
53,39
54,87
55,79
56,82
57,32
58,95
59,61
60,69
61,8
62,91
63,67
64,48
65,95
66,80
67,23
68,91
69,74
70,36
71,82
72,33
73,21
74,82
75,64
76,10
77,10
78,99
79,74
80,35
81,97
82,31
83,86
84,37
85,55
86,94
87,1
88,67
89,23
90,64
91,94
92,45
93,87
94,79
95,31
96,1
97,40
98,14
99,95
100,23
101,51
102,0
103,26
104,99
105,42
106,44
107,93
108,56
109,97
110,85
111,80
112,23
113,78
114,96
115,23
116,25
117,43
118,72
119,54
120,68
121,71
122,89
123,36
124,12
125,69
126,48
127,28
128,20
129,37
130,23
131,1
132,90
133,46
134,82
135,36
136,30
137,48
138,36
139,22
140,85
141,6
142,45
143,32
144,92
145,37
146,22
147,20
148,69
149,19
150,38
151,24
152,23
153,28
154,59
155,12
156,73
157,61
158,31
159,18
160,57
161,33
162,36
163,24
164,31
165,25
166,28
167,27
168,65
169,4
170,34
171,17
172,72
173,48
174,36
175,83
176,44
177,69
178,74
179,69
180,86
181,75
182,23
183,87
184,6
185,2
186,22
187,60
188,74
189,63
190,0
191,16
192,54
193,69
194,97
195,54
196,33
197,80
198,92
199,43
200,36
201,92
202,82
203,80
204,64
205,28
206,4
207,53
208,28
209,77
210,42
211,78
212,96
213,16
214,14
215,71
216,9
217,23
218,80
219,28
220,6
221,80
222,43
223,39
224,49
225,23
226,74
227,58
228,25
229,84
230,12
231,28
232,51
233,1
234,88
235,87
236,1
237,42
238,53
239,86
240,64
241,40
242,23
243,46
244,23
245,63
246,87
247,80
248,23
249,25
250,8
251,47
252,60
253,63
254,43
255,75
256,74
257,26
258,18
259,1
260,39
261,30
262,96
263,50
264,8
265,51
266,1
267,0
268,45
269,54
270,48
271,23
272,34
273,42
274,73
275,25
276,36
277,21
278,58
279,89
280,93
281,23
282,2
283,10
284,42
285,42
286,92
287,50
288,20
289,46
290,47
291,48
292,47
293,65
294,64
295,51
296,2
297,25
298,96
299,33
300,24
301,57
302,82
303,30
304,58
305,55
306,65
307,2
308,40
309,12
310,78
311,23
312,87
313,32
314,42
315,81
316,63
317,94
318,55
319,36
320,42
321,83
322,53
323,58
324,68
325,10
326,60
327,23
328,63
329,20
330,80
331,20
332,90
333,4
334,67
335,55
336,22
337,59
338,82
339,57
340,91
341,81
342,88
343,77
344,58
345,56
346,50
347,97
348,63
349,38
350,55
351,92
352,92
353,35
354,73
355,1
356,55
357,49
358,5
359,57
360,63
361,45
362,60
363,88
364,71
365,46
366,28
367,1
368,23
369,56
370,68
371,87
372,7
373,84
374,87
375,3
376,25
377,59
378,10
379,36
380,76
381,78
382,21
383,96
384,28
385,53
386,71
387,31
388,57
389,79
390,20
391,31
392,44
393,81
394,92
395,80
396,76
397,59
398,49
399,57
400,59
401,80
402,94
403,28
404,2
405,53
406,21
407,49
408,43
409,87
410,45
411,58
412,69
413,76
414,60
415,63
416,77
417,44
418,71
419,60
420,99
421,22
422,28
423,68
424,74
425,10
426,54
427,53
428,29
429,91
430,94
431,40
432,22
433,89
434,23
435,12
436,28
437,1
438,28
439,36
440,86
441,28
442,31
443,67
444,97
445,84
446,78
447,22
448,55
449,25
450,92
451,65
452,15
453,33
454,10
455,95
456,76
457,33
458,71
459,94
460,36
461,62
462,90
463,69
464,18
465,94
466,99
467,53
468,79
469,19
470,99
471,64
472,2
473,70
474,62
475,40
476,80
477,67
478,39
479,64
480,97
481,61
482,65
483,65
484,87
485,91
486,80
487,1
488,1
489,69
490,76
491,50
492,23
493,70
494,71
495,5
496,76
497,40
498,55
499,97
500,57
501,73
502,12
503,59
504,80
505,36
506,97
507,65
508,36
509,98
510,76
511,51
512,75
513,38
514,40
515,64
516,24
517,31
518,22
519,9
520,78
521,10
522,60
523,91
524,33
525,97
526,0
527,23
528,16
529,79
530,8
531,30
532,75
533,66
534,66
535,80
536,64
537,36
538,48
539,19
540,41
541,35
542,65
543,67
544,28
545,47
546,28
547,82
548,76
549,50
550,1
551,9
552,43
553,34
554,23
555,30
556,16
557,2
558,10
559,18
560,90
561,43
562,4
563,78
564,88
565,28
566,54
567,71
568,83
569,63
570,40
571,24
572,73
573,10
574,47
575,21
576,23
577,16
578,36
579,36
580,22
581,87
582,10
583,80
584,89
585,91
586,55
587,69
588,35
589,28
590,95
591,71
592,62
593,78
594,17
595,28
596,63
597,6
598,10
599,36
600,54
601,68
602,38
603,23
604,57
605,10
606,75
607,28
608,12
609,39
610,49
611,40
612,33
613,0
614,7
615,49
616,62
617,82
618,37
619,73
620,99
621,87
622,17
623,69
624,25
625,57
626,6
627,24
628,94
629,93
630,1
631,14
632,70
633,23
634,43
635,42
636,60
637,47
638,6
639,97
640,47
641,76
642,93
643,41
644,91
645,6
646,94
647,94
648,45
649,82
650,95
651,26
652,4
653,21
654,63
655,86
656,57
657,86
658,89
659,50
660,15
661,70
662,76
663,49
664,55
665,23
666,12
667,16
668,56
669,1
670,83
671,85
672,70
673,90
674,12
675,22
676,28
677,2
678,18
679,87
680,19
681,57
682,61
683,27
684,3
685,18
686,87
687,22
688,4
689,71
690,33
691,98
692,36
693,23
694,80
695,12
696,67
697,18
698,23
699,51
700,61
701,21
702,84
703,42
704,19
705,23
706,67
707,69
708,56
709,80
710,25
711,79
712,53
713,24
714,28
715,76
716,71
717,28
718,87
719,62
720,54
721,18
722,83
723,47
724,54
725,98
726,26
727,73
728,46
729,18
730,54
731,49
732,66
733,32
734,12
735,87
736,28
737,12
738,76
739,23
740,70
741,40
742,28
743,36
744,37
745,39
746,99
747,28
748,49
749,41
750,67
751,57
752,23
753,97
754,10
755,65
756,75
757,98
758,13
759,60
760,73
761,97
762,21
763,98
764,30
765,25
766,10
767,21
768,36
769,41
770,26
771,87
772,60
773,31
774,13
775,69
776,81
777,14
778,39
779,97
780,33
781,17
782,6
783,17
784,4
785,77
786,18
787,53
788,73
789,8
790,39
791,67
792,87
793,99
794,67
795,46
796,5
797,44
798,28
799,87
800,60
801,54
802,54
803,87
804,20
805,29
806,60
807,65
808,99
809,29
810,25
811,87
812,81
813,16
814,88
815,60
816,36
817,94
818,66
819,96
820,27
821,91
822,43
823,94
824,44
825,23
826,43
827,17
828,36
829,63
830,74
831,97
832,99
833,68
834,1
835,28
836,10
837,92
838,48
839,78
840,36
841,62
842,55
843,34
844,18
845,36
846,74
847,64
848,56
849,57
850,1
851,28
852,26
853,87
854,91
855,61
856,75
857,80
858,69
859,1
860,27
861,42
862,74
863,78
864,53
865,13
866,36
867,33
868,73
869,0
870,69
871,31
872,88
873,76
874,40
875,47
876,12
877,87
878,75
879,28
880,92
881,28
882,98
883,89
884,85
885,15
886,55
887,43
888,96
889,36
890,65
891,0
892,31
893,46
894,71
895,24
896,56
897,56
898,63
899,13
900,40
901,71
902,78
903,56
904,74
905,34
906,63
907,62
908,14
909,87
910,1
911,55
912,12
913,94
914,9
915,99
916,50
917,1
918,90
919,22
920,23
921,14
922,23
923,87
924,20
925,88
926,1
927,71
928,85
929,95
930,68
931,91
932,59
933,23
934,92
935,92
936,23
937,1
938,87
939,30
940,89
941,53
942,13
943,69
944,98
945,67
946,87
947,47
948,54
949,9
950,99
951,58
952,95
953,38
954,79
955,96
956,87
957,29
958,28
959,61
960,79
961,68
962,28
963,40
964,20
965,65
966,54
967,36
968,43
969,2
970,43
971,6
972,10
973,87
974,23
975,31
976,64
977,2
978,23
979,18
980,98
981,47
982,55
983,4
984,35
985,18
986,28
987,76
988,31
989,87
990,62
991,3
992,99
993,34
994,40
995,21
996,34
997,23
998,73
999,48
1000,33
1001,57
1002,69
1003,69
1004,74
1005,73
1006,92
1007,4
1008,44
1009,44
1010,31
1011,37
1012,58
1013,91
1014,87
1015,45
1016,77
1017,9
1018,41
1019,69
1020,2
1021,41
1022,15
1023,49
1024,65
1025,37
1026,27
1027,69
1028,28
1029,44
1030,36
1031,73
1032,54
1033,23
1034,18
1035,90
1036,76
1037,22
1038,25
1039,55
1040,30
1041,10
1042,8
1043,77
1044,1
1045,34
1046,80
1047,34
1048,36
1049,85
1050,37
1051,51
1052,57
1053,49
1054,38
1055,36
1056,87
1057,67
1058,46
1059,50
1060,80
1061,23
1062,98
1063,31
1064,66
1065,65
1066,39
1067,67
1068,17
1069,23
1070,69
1071,99
1072,60
1073,72
1074,23
1075,69
1076,40
1077,29
1078,94
1079,42
1080,98
1081,30
1082,21
1083,18
1084,28
1085,28
1086,65
1087,88
1088,65
1089,62
1090,45
1091,23
1092,66
1093,36
1094,55
1095,87
1096,67
1097,23
1098,28
1099,75
1100,87
1101,21
1102,80
1103,74
1104,31
1105,89
1106,94
1107,39
1108,62
1109,0
1110,25
1111,32
1112,27
1113,88
1114,84
1115,19
1116,89
1117,92
1118,93
1119,87
1120,33
1121,85
1122,28
1123,66
1124,41
1125,50
1126,46
1127,93
1128,67
1129,34
1130,89
1131,28
1132,25
1133,57
1134,49
1135,87
1136,40
1137,77
1138,86
1139,97
1140,18
1141,36
1142,3
1143,28
1144,91
1145,55
1146,36
1147,13
1148,47
1149,57
1150,80
1151,97
1152,58
1153,69
1154,63
1155,36
1156,94
1157,97
1158,69
1159,98
1160,43
1161,6
1162,80
1163,88
1164,92
1165,40
1166,2
1167,92
1168,98
1169,64
1170,36
1171,50
1172,83
1173,81
1174,99
1175,35
1176,64
1177,62
1178,87
1179,87
1180,80
1181,23
1182,46
1183,52
1184,98
1185,93
1186,44
1187,68
1188,62
1189,87
1190,94
1191,36
1192,69
1193,23
1194,31
1195,46
1196,68
1197,93
1198,40
1199,62
1200,12
1201,69
1202,14
1203,87
1204,46
1205,17
1206,36
1207,64
1208,91
1209,1
1210,23
1211,96
1212,80
1213,56
1214,77
1215,10
1216,52
1217,71
1218,94
1219,8
1220,57
1221,97
1222,51
1223,46
1224,73
1225,69
1226,87
1227,44
1228,97
1229,29
1230,86
1231,24
1232,44
1233,83
1234,20
1235,0
1236,99
1237,30
1238,60
1239,51
1240,57
1241,20
1242,31
1243,86
1244,94
1245,53
1246,57
1247,92
1248,80
1249,23
1250,0
1251,11
1252,47
1253,42
1254,94
1255,87
1256,58
1257,51
1258,86
1259,25
1260,1
1261,88
1262,67
1263,81
1264,51
1265,68
1266,93
1267,10
1268,20
1269,54
1270,10
1271,64
1272,67
1273,23
1274,47
1275,40
1276,97
1277,65
1278,40
1279,87
1280,45
1281,60
1282,90
1283,79
1284,1
1285,71
1286,17
1287,56
1288,24
1289,94
1290,16
1291,12
1292,83
1293,90
1294,64
1295,71
1296,83
1297,22
1298,78
1299,23
1300,49
1301,54
1302,38
1303,46
1304,49
1305,5
1306,36
1307,87
1308,26
1309,69
1310,34
1311,44
1312,28
1313,84
1314,23
1315,64
1316,40
1317,46
1318,10
1319,13
1320,35
1321,6
1322,84
1323,40
1324,87
1325,21
1326,55
1327,12
1328,87
1329,47
1330,87
1331,71
1332,65
1333,62
1334,99
1335,22
1336,86
1337,45
1338,90
1339,1
1340,81
1341,26
1342,12
1343,87
1344,89
1345,94
1346,92
1347,78
1348,65
1349,77
1350,36
1351,1
1352,23
1353,33
1354,65
1355,46
1356,11
1357,86
1358,57
1359,23
1360,73
1361,97
1362,95
1363,51
1364,8
1365,1
1366,36
1367,55
1368,75
1369,1
1370,47
1371,76
1372,67
1373,77
1374,30
1375,15
1376,70
1377,82
1378,46
1379,1
1380,47
1381,28
1382,24
1383,88
1384,99
1385,14
1386,50
1387,28
1388,77
1389,16
1390,32
1391,65
1392,46
1393,14
1394,18
1395,83
1396,65
1397,36
1398,37
1399,85
1400,21
1401,6
1402,67
1403,79
1404,28
1405,87
1406,37
1407,48
1408,30
1409,28
1410,46
1411,69
1412,33
1413,68
1414,80
1415,71
1416,74
1417,1
1418,44
1419,50
1420,8
1421,60
1422,1
1423,53
1424,60
1425,97
1426,87
1427,49
1428,77
1429,23
1430,71
1431,73
1432,87
1433,90
1434,73
1435,94
1436,77
1437,85
1438,89
1439,44
1440,85
1441,42
1442,23
1443,23
1444,88
1445,67
1446,0
1447,5
1448,13
1449,44
1450,30
1451,21
1452,87
1453,48
1454,40
1455,71
1456,78
1457,87
1458,68
1459,39
1460,82
1461,86
1462,28
1463,57
1464,26
1465,62
1466,25
1467,2
1468,71
1469,60
1470,15
1471,91
1472,90
1473,69
1474,9
1475,94
1476,47
1477,77
1478,16
1479,43
1480,98
1481,92
1482,86
1483,73
1484,80
1485,25
1486,52
1487,47
1488,55
1489,91
1490,45
1491,25
1492,5
1493,32
1494,30
1495,61
1496,1
1497,64
1498,92
1499,90
1500,67
1501,50
1502,53
1503,65
1504,71
1505,76
1506,54
1507,39
1508,89
1509,51
1510,28
1511,28
1512,26
1513,9
1514,64
1515,96
1516,17
1517,87
1518,30
1519,47
1520,33
1521,33
1522,54
1523,40
1524,65
1525,14
1526,42
1527,92
1528,25
1529,96
1530,80
1531,56
1532,79
1533,23
1534,9
1535,33
1536,76
1537,10
1538,44
1539,69
1540,85
1541,87
1542,23
1543,98
1544,76
1545,88
1546,67
1547,2
1548,34
1549,99
1550,98
1551,69
1552,38
1553,36
1554,23
1555,47
1556,91
1557,15
1558,80
1559,27
1560,48
1561,73
1562,54
1563,47
1564,88
1565,82
1566,98
1567,89
1568,61
1569,99
1570,67
1571,1
1572,25
1573,24
1574,82
1575,65
1576,92
1577,97
1578,25
1579,65
1580,90
1581,36
1582,39
1583,86
1584,18
1585,3
1586,87
1587,27
1588,69
1589,50
1590,77
1591,75
1592,69
1593,28
1594,47
1595,15
1596,6
1597,5
1598,26
1599,36
1600,80
1601,55
1602,86
1603,46
1604,47
1605,59
1606,56
1607,2
1608,91
1609,92
1610,88
1611,96
1612,53
1613,36
1614,24
1615,69
1616,17
1617,1
1618,57
1619,70
1620,45
1621,32
1622,69
1623,95
1624,33
1625,69
1626,93
1627,43
1628,3
1629,99
1630,25
1631,41
1632,3
1633,72
1634,76
1635,40
1636,51
1637,99
1638,87
1639,14
1640,47
1641,21
1642,90
1643,49
1644,25
1645,57
1646,23
1647,79
1648,54
1649,91
1650,12
1651,55
1652,92
1653,83
1654,97
1655,80
1656,25
1657,25
1658,54
1659,73
1660,67
1661,28
1662,21
1663,91
1664,62
1665,17
1666,41
1667,45
1668,1
1669,33
1670,36
1671,73
1672,36
1673,40
1674,72
1675,1
1676,47
1677,36
1678,87
1679,90
1680,65
1681,94
1682,97
1683,13
1684,71
1685,23
1686,97
1687,26
1688,23
1689,21
1690,60
1691,28
1692,54
1693,77
1694,30
1695,1
1696,10
1697,87
1698,15
1699,92
1700,67
1701,28
1702,28
1703,16
1704,93
1705,56
1706,72
1707,47
1708,22
1709,4
1710,40
1711,25
1712,39
1713,55
1714,78
1715,40
1716,91
1717,23
1718,23
1719,74
1720,69
1721,61
1722,25
1723,8
1724,55
1725,36
1726,78
1727,57
1728,37
1729,68
1730,23
1731,58
1732,23
1733,69
1734,91
1735,23
1736,98
1737,63
1738,9
1739,94
1740,38
1741,80
1742,48
1743,48
1744,24
1745,47
1746,90
1747,65
1748,97
1749,57
1750,18
1751,99
1752,21
1753,33
1754,32
1755,71
1756,97
1757,62
1758,28
1759,37
1760,23
1761,87
1762,32
1763,58
1764,5
1765,46
1766,35
1767,34
1768,18
1769,76
1770,79
1771,47
1772,23
1773,44
1774,3
1775,74
1776,33
1777,84
1778,69
1779,50
1780,76
1781,23
1782,97
1783,45
1784,71
1785,36
1786,69
1787,24
1788,39
1789,73
1790,42
1791,71
1792,48
1793,21
1794,74
1795,1
1796,36
1797,43
1798,63
1799,71
1800,96
1801,4
1802,73
1803,92
1804,33
1805,36
1806,23
1807,55
1808,71
1809,10
1810,87
1811,27
1812,44
1813,87
1814,36
1815,8
1816,92
1817,91
1818,59
1819,67
1820,67
1821,9
1822,50
1823,9
1824,78
1825,97
1826,67
1827,73
1828,94
1829,12
1830,65
1831,4
1832,67
1833,89
1834,50
1835,43
1836,75
1837,10
1838,87
1839,73
1840,75
1841,54
1842,8
1843,67
1844,21
1845,86
1846,75
1847,88
1848,28
1849,91
1850,10
1851,41
1852,23
1853,18
1854,77
1855,67
1856,59
1857,4
1858,6
1859,63
1860,80
1861,96
1862,63
1863,93
1864,28
1865,75
1866,56
1867,36
1868,25
1869,9
1870,17
1871,87
1872,71
1873,36
1874,40
1875,23
1876,69
1877,61
1878,18
1879,40
1880,87
1881,36
1882,87
1883,66
1884,49
1885,42
1886,79
1887,83
1888,69
1889,3
1890,59
1891,50
1892,18
1893,33
1894,86
1895,48
1896,52
1897,76
1898,87
1899,97
1900,92
1901,73
1902,87
1903,73
1904,88
1905,23
1906,10
1907,24
1908,12
1909,57
1910,3
1911,3
1912,33
1913,91
1914,13
1915,80
1916,65
1917,28
1918,48
1919,63
1920,90
1921,46
1922,60
1923,12
1924,1
1925,23
1926,40
1927,24
1928,70
1929,97
1930,77
1931,65
1932,87
1933,49
1934,46
1935,30
1936,28
1937,86
1938,44
1939,37
1940,90
1941,87
1942,82
1943,36
1944,67
1945,86
1946,10
1947,25
1948,36
1949,93
1950,25
1951,87
1952,40
1953,87
1954,28
1955,5
1956,24
1957,60
1958,64
1959,30
1960,1
1961,16
1962,48
1963,21
1964,6
1965,29
1966,95
1967,98
1968,39
1969,99
1970,71
1971,82
1972,89
1973,75
1974,77
1975,51
1976,31
1977,91
1978,51
1979,17
1980,97
1981,1
1982,84
1983,1
1984,36
1985,96
1986,68
1987,39
1988,25
1989,92
1990,85
1991,55
1992,65
1993,42
1994,80
1995,44
1996,33
1997,28
1998,31
1999,39
2000,49
2001,7
2002,67
2003,8
2004,81
2005,76
2006,37
2007,20
2008,80
2009,10
2010,57
2011,93
2012,23
2013,23
2014,28
2015,66
2016,70
2017,23
2018,90
2019,25
2020,21
2021,18
2022,57
2023,2
2024,64
2025,87
2026,34
2027,61
2028,79
2029,1
2030,88
2031,75
2032,36
2033,40
2034,1
2035,91
2036,73
2037,46
2038,89
2039,44
2040,28
2041,4
2042,60
2043,29
2044,3
2045,17
2046,91
2047,51
2048,92
2049,40
2050,99
2051,97
2052,28
2053,23
2054,50
2055,2
2056,81
2057,19
2058,62
2059,30
2060,90
2061,99
2062,24
2063,92
2064,49
2065,50
2066,57
2067,68
2068,33
2069,47
2070,87
2071,91
2072,93
2073,10
2074,13
2075,28
2076,11
2077,48
2078,96
2079,71
2080,24
2081,28
2082,73
2083,40
2084,25
2085,74
2086,6
2087,54
2088,73
2089,99
2090,27
2091,69
2092,39
2093,79
2094,79
2095,90
2096,80
2097,8
2098,12
2099,13
2100,82
2101,81
2102,23
2103,40
2104,28
2105,1
2106,93
2107,76
2108,66
2109,60
2110,87
2111,5
2112,16
2113,61
2114,5
2115,13
2116,55
2117,40
2118,24
2119,70
2120,44
2121,69
2122,96
2123,23
2124,34
2125,89
2126,23
2127,97
2128,46
2129,25
2130,0
2131,34
2132,23
2133,28
2134,42
2135,59
2136,23
2137,0
2138,23
2139,39
2140,36
2141,28
2142,32
2143,1
2144,65
2145,67
2146,46
2147,91
2148,36
2149,53
2150,40
2151,1
2152,86
2153,36
2154,37
2155,28
2156,58
2157,85
2158,64
2159,16
2160,89
2161,92
2162,33
2163,87
2164,94
2165,33
2166,65
2167,6
2168,62
2169,94
2170,24
2171,33
2172,24
2173,68
2174,24
2175,53
2176,10
2177,36
2178,87
2179,26
2180,36
2181,33
2182,32
2183,5
2184,64
2185,77
2186,40
2187,41
2188,80
2189,40
2190,88
2191,91
2192,11
2193,99
2194,2
2195,68
2196,33
2197,2
2198,61
2199,67
2200,36
2201,96
2202,97
2203,68
2204,2
2205,97
2206,89
2207,1
2208,28
2209,51
2210,99
2211,23
2212,94
2213,28
2214,41
2215,81
2216,43
2217,36
2218,99
2219,28
2220,55
2221,1
2222,13
2223,32
2224,23
2225,58
2226,11
2227,40
2228,48
2229,69
2230,47
2231,1
2232,28
2233,42
2234,51
2235,66
2236,42
2237,23
2238,13
2239,31
2240,71
2241,98
2242,23
2243,18
2244,49
2245,33
2246,79
2247,39
2248,62
2249,93
2250,97
2251,4
2252,84
2253,59
2254,63
2255,54
2256,50
2257,36
2258,16
2259,96
2260,1
2261,61
2262,43
2263,12
2264,80
2265,87
2266,37
2267,54
2268,71
2269,51
2270,28
2271,0
2272,30
2273,36
2274,36
2275,47
2276,39
2277,92
2278,1
2279,71
2280,71
2281,24
2282,27
2283,36
2284,76
2285,28
2286,71
2287,43
2288,28
2289,71
2290,87
2291,54
2292,16
2293,64
2294,0
2295,35
2296,6
2297,12
2298,61
2299,98
2300,25
2301,16
2302,23
2303,67
2304,40
2305,65
2306,72
2307,18
2308,70
2309,90
2310,71
2311,84
2312,1
2313,94
2314,83
2315,10
2316,23
2317,47
2318,23
2319,74
2320,48
2321,2
2322,36
2323,63
2324,28
2325,23
2326,71
2327,21
2328,84
2329,94
2330,84
2331,99
2332,50
2333,47
2334,43
2335,71
2336,18
2337,65
2338,5
2339,21
2340,88
2341,17
2342,71
2343,12
2344,47
2345,76
2346,71
2347,65
2348,12
2349,80
2350,80
2351,27
2352,89
2353,46
2354,87
2355,10
2356,32
2357,27
2358,78
2359,55
2360,56
2361,94
2362,23
2363,28
2364,97
2365,67
2366,23
2367,71
2368,92
2369,58
2370,68
2371,87
2372,73
2373,1
2374,80
2375,31
2376,12
2377,57
2378,87
2379,3
2380,69
2381,84
2382,17
2383,99
2384,33
2385,51
2386,45
2387,87
2388,74
2389,59
2390,54
2391,98
2392,14
2393,13
2394,12
2395,23
2396,87
2397,31
2398,91
2399,24
2400,77
2401,36
2402,37
2403,76
2404,4
2405,23
2406,89
2407,58
2408,58
2409,46
2410,89
2411,22
2412,25
2413,7
2414,98
2415,98
2416,20
2417,18
2418,36
2419,6
2420,70
2421,91
2422,51
2423,98
2424,60
2425,74
2426,40
2427,50
2428,0
2429,9
2430,36
2431,20
2432,71
2433,71
2434,22
2435,34
2436,82
2437,23
2438,59
2439,87
2440,84
2441,69
2442,21
2443,63
2444,94
2445,82
2446,23
2447,44
2448,63
2449,83
2450,99
2451,65
2452,80
2453,36
2454,34
2455,10
2456,19
2457,31
2458,0
2459,51
2460,42
2461,36
2462,90
2463,53
2464,89
2465,64
2466,16
2467,42
2468,25
2469,24
2470,60
2471,15
2472,47
2473,91
2474,15
2475,18
2476,86
2477,82
2478,54
2479,40
2480,21
2481,28
2482,1
2483,23
2484,71
2485,47
2486,89
2487,5
2488,58
2489,73
2490,42
2491,12
2492,19
2493,1
2494,80
2495,23
2496,21
2497,18
2498,30
2499,9
2500,80
2501,69
2502,53
2503,78
2504,78
2505,50
2506,49
2507,68
2508,87
2509,61
2510,85
2511,6
2512,49
2513,2
2514,10
2515,73
2516,16
2517,82
2518,10
2519,96
2520,31
2521,81
2522,80
2523,57
2524,49
2525,96
2526,58
2527,53
2528,69
2529,24
2530,28
2531,35
2532,85
2533,27
2534,57
2535,13
2536,64
2537,46
2538,94
2539,41
2540,13
2541,76
2542,55
2543,36
2544,10
2545,71
2546,80
2547,80
2548,31
2549,55
2550,36
2551,30
2552,94
2553,60
2554,18
2555,72
2556,31
2557,49
2558,73
2559,91
2560,73
2561,23
2562,80
2563,65
2564,57
2565,42
2566,55
2567,1
2568,39
2569,61
2570,13
2571,23
2572,76
2573,93
2574,85
2575,71
2576,45
2577,82
2578,28
2579,44
2580,87
2581,67
2582,50
2583,29
2584,9
2585,29
2586,69
2587,23
2588,42
2589,94
2590,36
2591,28
2592,0
2593,75
2594,34
2595,39
2596,24
2597,69
2598,23
2599,68
2600,39
2601,76
2602,68
2603,5
2604,25
2605,23
2606,27
2607,69
2608,67
2609,25
2610,28
2611,40
2612,23
2613,80
2614,68
2615,36
2616,81
2617,4
2618,98
2619,0
2620,30
2621,14
2622,47
2623,87
2624,16
2625,26
2626,94
2627,92
2628,36
2629,98
2630,94
2631,40
2632,21
2633,76
2634,16
2635,68
2636,36
2637,43
2638,50
2639,97
2640,35
2641,71
2642,23
2643,45
2644,96
2645,13
2646,10
2647,1
2648,58
2649,10
2650,25
2651,25
2652,56
2653,24
2654,32
2655,69
2656,23
2657,27
2658,87
2659,96
2660,37
2661,59
2662,10
2663,36
2664,25
2665,36
2666,14
2667,12
2668,36
2669,25
2670,21
2671,36
2672,44
2673,59
2674,23
2675,54
2676,46
2677,37
2678,38
2679,57
2680,28
2681,82
2682,12
2683,37
2684,60
2685,23
2686,0
2687,17
2688,71
2689,51
2690,28
2691,90
2692,75
2693,46
2694,93
2695,78
2696,87
2697,35
2698,18
2699,57
2700,11
2701,10
2702,86
2703,28
2704,69
2705,6
2706,87
2707,5
2708,40
2709,62
2710,23
2711,96
2712,54
2713,94
2714,23
2715,84
2716,99
2717,36
2718,3
2719,1
2720,97
2721,9
2722,71
2723,92
2724,70
2725,70
2726,12
2727,40
2728,68
2729,60
2730,83
2731,49
2732,1
2733,36
2734,71
2735,28
2736,87
2737,67
2738,17
2739,9
2740,54
2741,25
2742,70
2743,58
2744,50
2745,23
2746,69
2747,92
2748,65
2749,63
2750,94
2751,12
2752,14
2753,89
2754,65
2755,1
2756,14
2757,75
2758,97
2759,91
2760,1
2761,42
2762,76
2763,48
2764,6
2765,23
2766,48
2767,26
2768,26
2769,73
2770,14
2771,45
2772,98
2773,56
2774,94
2775,39
2776,30
2777,19
2778,42
2779,97
2780,28
2781,1
2782,81
2783,18
2784,45
2785,23
2786,83
2787,0
2788,99
2789,23
2790,1
2791,39
2792,19
2793,23
2794,29
2795,91
2796,12
2797,28
2798,28
2799,0
2800,71
2801,1
2802,6
2803,91
2804,39
2805,96
2806,80
2807,74
2808,44
2809,49
2810,88
2811,89
2812,97
2813,40
2814,57
2815,40
2816,54
2817,40
2818,18
2819,78
2820,57
2821,28
2822,94
2823,23
2824,95
2825,26
2826,63
2827,61
2828,91
2829,87
2830,3
2831,69
2832,46
2833,82
2834,76
2835,5
2836,27
2837,87
2838,17
2839,52
2840,35
2841,35
2842,10
2843,15
2844,57
2845,75
2846,62
2847,56
2848,63
2849,98
2850,28
2851,82
2852,68
2853,82
2854,80
2855,24
2856,23
2857,80
2858,22
2859,6
2860,23
2861,71
2862,8
2863,40
2864,38
2865,13
2866,23
2867,86
2868,32
2869,11
2870,54
2871,86
2872,23
2873,28
2874,92
2875,80
2876,8
2877,25
2878,69
2879,10
2880,96
2881,68
2882,54
2883,18
2884,16
2885,55
2886,60
2887,18
2888,35
2889,85
2890,54
2891,66
2892,18
2893,40
2894,64
2895,68
2896,80
2897,23
2898,65
2899,46
2900,3
2901,5
2902,50
2903,87
2904,32
2905,82
2906,88
2907,23
2908,55
2909,23
2910,87
2911,25
2912,65
2913,16
2914,40
2915,25
2916,23
2917,37
2918,89
2919,49
2920,86
2921,5
2922,47
2923,2
2924,70
2925,25
2926,42
2927,87
2928,57
2929,28
2930,85
2931,23
2932,78
2933,65
2934,93
2935,10
2936,84
2937,95
2938,75
2939,64
2940,69
2941,52
2942,68
2943,98
2944,82
2945,70
2946,60
2947,67
2948,28
2949,87
2950,40
2951,36
2952,23
2953,54
2954,60
2955,45
2956,52
2957,34
2958,23
2959,86
2960,49
2961,36
2962,27
2963,98
2964,83
2965,8
2966,25
2967,23
2968,47
2969,69
2970,25
2971,65
2972,1
2973,7
2974,61
2975,1
2976,69
2977,86
2978,87
2979,48
2980,49
2981,10
2982,25
2983,25
2984,90
2985,6
2986,87
2987,51
2988,87
2989,51
2990,73
2991,95
2992,1
2993,20
2994,12
2995,10
2996,65
2997,49
2998,69
2999,28
3000,95
3001,46
3002,21
3003,46
3004,87
3005,64
3006,80
3007,87
3008,82
3009,23
3010,29
3011,40
3012,47
3013,10
3014,17
3015,32
3016,12
3017,67
3018,74
3019,56
3020,76
3021,37
3022,69
3023,87
3024,47
3025,45
3026,80
3027,98
3028,72
3029,94
3030,28
3031,67
3032,28
3033,66
3034,47
3035,20
3036,23
3037,24
3038,33
3039,0
3040,40
3041,10
3042,60
3043,92
3044,1
3045,71
3046,99
3047,39
3048,10
3049,94
3050,80
3051,45
3052,66
3053,70
3054,0
3055,90
3056,28
3057,46
3058,23
3059,98
3060,27
3061,1
3062,13
3063,10
3064,16
3065,64
3066,15
3067,72
3068,13
3069,17
3070,65
3071,1
3072,32
3073,83
3074,28
3075,86
3076,28
3077,42
3078,67
3079,82
3080,25
3081,69
3082,20
3083,10
3084,98
3085,69
3086,37
3087,39
3088,53
3089,21
3090,33
3091,95
3092,90
3093,0
3094,49
3095,73
3096,18
3097,60
3098,40
3099,26
3100,23
3101,40
3102,80
3103,25
3104,75
3105,40
3106,36
3107,97
3108,27
3109,97
3110,62
3111,20
3112,32
3113,36
3114,28
3115,5
3116,97
3117,60
3118,23
3119,18
3120,19
3121,22
3122,3
3123,85
3124,47
3125,33
3126,44
3127,65
3128,84
3129,67
3130,1
3131,99
3132,71
3133,76
3134,51
3135,92
3136,1
3137,10
3138,86
3139,40
3140,68
3141,66
3142,33
3143,23
3144,49
3145,88
3146,80
3147,53
3148,10
3149,15
3150,73
3151,89
3152,47
3153,67
3154,87
3155,32
3156,77
3157,70
3158,28
3159,87
3160,61
3161,30
3162,42
3163,93
3164,79
3165,9
3166,57
3167,28
3168,51
3169,68
3170,74
3171,23
3172,67
3173,41
3174,10
3175,65
3176,25
3177,45
3178,65
3179,37
3180,62
3181,1
3182,28
3183,87
3184,40
3185,79
3186,93
3187,28
3188,75
3189,80
3190,1
3191,32
3192,1
3193,68
3194,31
3195,23
3196,73
3197,28
3198,28
3199,16
3200,76
3201,42
3202,10
3203,18
3204,91
3205,54
3206,32
3207,25
3208,0
3209,61
3210,61
3211,47
3212,64
3213,59
3214,37
3215,25
3216,1
3217,70
3218,83
3219,64
3220,21
3221,33
3222,91
3223,91
3224,54
3225,36
3226,17
3227,65
3228,99
3229,44
3230,74
3231,69
3232,70
3233,40
3234,36
3235,87
3236,73
3237,28
3238,45
3239,0
3240,36
3241,44
3242,17
3243,20
3244,80
3245,74
3246,90
3247,25
3248,23
3249,23
3250,74
3251,6
3252,29
3253,48
3254,29
3255,36
3256,28
3257,1
3258,24
3259,63
3260,73
3261,28
3262,68
3263,89
3264,42
3265,1
3266,36
3267,60
3268,50
3269,48
3270,91
3271,11
3272,39
3273,87
3274,9
3275,23
3276,76
3277,92
3278,51
3279,42
3280,98
3281,28
3282,20
3283,39
3284,23
3285,17
3286,51
3287,57
3288,88
3289,90
3290,65
3291,80
3292,65
3293,63
3294,46
3295,9
3296,30
3297,25
3298,90
3299,43
3300,33
3301,80
3302,75
3303,19
3304,73
3305,26
3306,59
3307,62
3308,75
3309,20
3310,54
3311,65
3312,49
3313,51
3314,38
3315,57
3316,56
3317,3
3318,72
3319,41
3320,86
3321,15
3322,36
3323,88
3324,54
3325,52
3326,25
3327,90
3328,28
3329,36
3330,53
3331,1
3332,80
3333,71
3334,71
3335,15
3336,71
3337,63
3338,79
3339,62
3340,93
3341,36
3342,29
3343,64
3344,9
3345,41
3346,69
3347,84
3348,28
3349,6
3350,11
3351,18
3352,54
3353,78
3354,39
3355,95
3356,13
3357,28
3358,93
3359,64
3360,84
3361,62
3362,12
3363,28
3364,30
3365,26
3366,93
3367,17
3368,22
3369,96
3370,31
3371,74
3372,12
3373,13
3374,51
3375,8
3376,99
3377,82
3378,97
3379,55
3380,23
3381,94
3382,28
3383,92
3384,60
3385,1
3386,32
3387,85
3388,87
3389,45
3390,65
3391,85
3392,77
3393,85
3394,32
3395,9
3396,57
3397,63
3398,56
3399,80
3400,40
3401,23
3402,28
3403,55
3404,28
3405,92
3406,71
3407,23
3408,62
3409,68
3410,5
3411,95
3412,31
3413,84
3414,18
3415,42
3416,96
3417,90
3418,76
3419,9
3420,63
3421,36
3422,81
3423,60
3424,28
3425,35
3426,23
3427,71
3428,27
3429,87
3430,20
3431,12
3432,58
3433,68
3434,36
3435,13
3436,36
3437,18
3438,1
3439,54
3440,67
3441,6
3442,93
3443,55
3444,36
3445,7
3446,98
3447,30
3448,60
3449,10
3450,72
3451,67
3452,58
3453,67
3454,29
3455,2
3456,24
3457,23
3458,13
3459,86
3460,16
3461,61
3462,18
3463,64
3464,77
3465,28
3466,55
3467,73
3468,95
3469,10
3470,81
3471,69
3472,82
3473,33
3474,18
3475,71
3476,12
3477,0
3478,94
3479,59
3480,51
3481,21
3482,49
3483,65
3484,86
3485,76
3486,69
3487,58
3488,25
3489,69
3490,76
3491,15
3492,63
3493,36
3494,31
3495,91
3496,80
3497,20
3498,50
3499,65
3500,41
3501,11
3502,82
3503,17
3504,87
3505,39
3506,92
3507,44
3508,69
3509,77
3510,2
3511,28
3512,34
3513,77
3514,46
3515,67
3516,28
3517,23
3518,25
3519,15
3520,23
3521,2
3522,23
3523,9
3524,98
3525,28
3526,10
3527,16
3528,12
3529,94
3530,82
3531,89
3532,82
3533,9
3534,62
3535,10
3536,58
3537,81
3538,33
3539,19
3540,80
3541,40
3542,1
3543,60
3544,94
3545,9
3546,28
3547,63
3548,11
3549,80
3550,96
3551,55
3552,67
3553,84
3554,77
3555,95
3556,20
3557,71
3558,86
3559,32
3560,86
3561,67
3562,43
3563,32
3564,69
3565,99
3566,12
3567,74
3568,91
3569,13
3570,10
3571,57
3572,22
3573,57
3574,19
3575,25
3576,80
3577,13
3578,28
3579,58
3580,65
3581,64
3582,20
3583,94
3584,71
3585,74
3586,98
3587,57
3588,87
3589,47
3590,84
3591,80
3592,58
3593,10
3594,24
3595,25
3596,1
3597,61
3598,12
3599,94
3600,91
3601,65
3602,87
3603,61
3604,13
3605,73
3606,57
3607,9
3608,95
3609,23
3610,12
3611,36
3612,33
3613,80
3614,94
3615,49
3616,87
3617,36
3618,1
3619,9
3620,27
3621,51
3622,22
3623,18
3624,1
3625,57
3626,23
3627,67
3628,82
3629,32
3630,65
3631,93
3632,23
3633,37
3634,26
3635,0
3636,1
3637,81
3638,95
3639,57
3640,23
3641,33
3642,86
3643,97
3644,52
3645,72
3646,15
3647,54
3648,55
3649,61
3650,36
3651,95
3652,4
3653,74
3654,80
3655,9
3656,38
3657,92
3658,17
3659,58
3660,48
3661,71
3662,45
3663,53
3664,78
3665,56
3666,56
3667,54
3668,22
3669,65
3670,54
3671,78
3672,14
3673,34
3674,89
3675,84
3676,65
3677,15
3678,36
3679,57
3680,78
3681,65
3682,53
3683,36
3684,19
3685,11
3686,86
3687,99
3688,10
3689,47
3690,14
3691,80
3692,53
3693,32
3694,20
3695,49
3696,82
3697,63
3698,71
3699,58
3700,97
3701,18
3702,39
3703,36
3704,73
3705,77
3706,64
3707,86
3708,23
3709,70
3710,32
3711,16
3712,18
3713,87
3714,25
3715,47
3716,16
3717,10
3718,92
3719,28
3720,81
3721,9
3722,35
3723,76
3724,80
3725,48
3726,98
3727,12
3728,20
3729,57
3730,79
3731,65
3732,36
3733,73
3734,56
3735,24
3736,71
3737,12
3738,18
3739,56
3740,19
3741,69
3742,20
3743,80
3744,18
3745,92
3746,23
3747,71
3748,73
3749,23
3750,40
3751,90
3752,20
3753,86
3754,35
3755,62
3756,51
3757,69
3758,53
3759,24
3760,42
3761,96
3762,64
3763,12
3764,90
3765,4
3766,40
3767,80
3768,69
3769,84
3770,69
3771,18
3772,12
3773,75
3774,48
3775,23
3776,83
3777,54
3778,40
3779,46
3780,80
3781,89
3782,87
3783,31
3784,10
3785,50
3786,60
3787,17
3788,92
3789,20
3790,37
3791,80
3792,87
3793,79
3794,10
3795,70
3796,2
3797,10
3798,69
3799,40
3800,22
3801,57
3802,79
3803,87
3804,38
3805,69
3806,87
3807,23
3808,99
3809,67
3810,76
3811,79
3812,32
3813,73
3814,99
3815,36
3816,84
3817,10
3818,77
3819,54
3820,69
3821,71
3822,57
3823,49
3824,1
3825,94
3826,23
3827,16
3828,1
3829,96
3830,90
3831,36
3832,71
3833,52
3834,96
3835,73
3836,23
3837,92
3838,79
3839,5
3840,56
3841,96
3842,67
3843,88
3844,1
3845,89
3846,87
3847,23
3848,58
3849,21
3850,87
3851,38
3852,9
3853,59
3854,39
3855,41
3856,52
3857,8
3858,82
3859,81
3860,34
3861,1
3862,35
3863,17
3864,39
3865,4
3866,65
3867,61
3868,28
3869,36
3870,38
3871,9
3872,23
3873,18
3874,40
3875,80
3876,26
3877,8
3878,24
3879,80
3880,60
3881,80
3882,36
3883,40
3884,9
3885,24
3886,73
3887,31
3888,71
3889,8
3890,18
3891,69
3892,37
3893,80
3894,1
3895,57
3896,38
3897,28
3898,58
3899,19
3900,95
3901,83
3902,59
3903,36
3904,44
3905,0
3906,99
3907,42
3908,46
3909,73
3910,63
3911,92
3912,87
3913,99
3914,19
3915,90
3916,34
3917,97
3918,1
3919,51
3920,42
3921,9
3922,85
3923,22
3924,30
3925,98
3926,85
3927,44
3928,55
3929,76
3930,65
3931,36
3932,92
3933,37
3934,87
3935,76
3936,80
3937,1
3938,81
3939,61
3940,73
3941,40
3942,23
3943,75
3944,89
3945,93
3946,27
3947,23
3948,76
3949,18
3950,80
3951,23
3952,57
3953,10
3954,54
3955,68
3956,54
3957,35
3958,99
3959,76
3960,90
3961,86
3962,22
3963,40
3964,28
3965,50
3966,31
3967,86
3968,51
3969,44
3970,36
3971,2
3972,80
3973,65
3974,40
3975,80
3976,41
3977,82
3978,28
3979,30
3980,10
3981,20
3982,1
3983,26
3984,58
3985,78
3986,25
3987,81
3988,42
3989,55
3990,69
3991,9
3992,87
3993,11
3994,23
3995,36
3996,28
3997,36
3998,75
3999,21
4000,69
4001,0
4002,28
4003,27
4004,3
4005,1
4006,25
4007,69
4008,80
4009,69
4010,50
4011,5
4012,85
4013,53
4014,34
4015,47
4016,35
4017,60
4018,84
4019,19
4020,23
4021,19
4022,57
4023,52
4024,21
4025,53
4026,28
4027,84
4028,51
4029,47
4030,64
4031,80
4032,1
4033,75
4034,67
4035,69
4036,34
4037,28
4038,14
4039,64
4040,58
4041,0
4042,70
4043,40
4044,23
4045,23
4046,99
4047,61
4048,23
4049,23
4050,83
4051,87
4052,17
4053,66
4054,7
4055,85
4056,25
4057,87
4058,47
4059,36
4060,80
4061,58
4062,97
4063,71
4064,27
4065,87
4066,47
4067,83
4068,97
4069,65
4070,31
4071,58
4072,72
4073,36
4074,75
4075,82
4076,31
4077,57
4078,70
4079,36
4080,32
4081,69
4082,1
4083,28
4084,24
4085,36
4086,12
4087,23
4088,36
4089,46
4090,14
4091,77
4092,42
4093,80
4094,1
4095,36
4096,18
4097,13
4098,23
4099,47
4100,61
4101,62
4102,23
4103,27
4104,68
4105,34
4106,80
4107,92
4108,28
4109,78
4110,92
4111,69
4112,23
4113,97
4114,56
4115,58
4116,4
4117,70
4118,87
4119,37
4120,9
4121,80
4122,80
4123,87
4124,89
4125,17
4126,30
4127,12
4128,10
4129,54
4130,67
4131,1
4132,67
4133,7
4134,36
4135,44
4136,43
4137,40
4138,23
4139,87
4140,78
4141,71
4142,27
4143,51
4144,98
4145,28
4146,49
4147,40
4148,18
4149,24
4150,92
4151,56
4152,13
4153,5
4154,47
4155,10
4156,54
4157,22
4158,1
4159,62
4160,55
4161,11
4162,27
4163,35
4164,71
4165,23
4166,23
4167,7
4168,86
4169,18
4170,45
4171,28
4172,30
4173,27
4174,71
4175,13
4176,99
4177,63
4178,55
4179,65
4180,10
4181,28
4182,23
4183,13
4184,91
4185,23
4186,31
4187,36
4188,68
4189,72
4190,2
4191,31
4192,9
4193,90
4194,43
4195,29
4196,97
4197,40
4198,45
4199,64
4200,0
4201,36
4202,13
4203,12
4204,28
4205,16
4206,39
4207,31
4208,91
4209,30
4210,28
4211,80
4212,97
4213,32
4214,17
4215,1
4216,39
4217,87
4218,5
4219,45
4220,69
4221,44
4222,23
4223,80
4224,76
4225,36
4226,27
4227,25
4228,72
4229,11
4230,92
4231,57
4232,44
4233,67
4234,96
4235,29
4236,60
4237,80
4238,33
4239,51
4240,25
4241,28
4242,86
4243,79
4244,46
4245,4
4246,24
4247,60
4248,52
4249,71
4250,23
4251,39
4252,71
4253,44
4254,97
4255,56
4256,36
4257,19
4258,9
4259,58
4260,23
4261,98
4262,55
4263,82
4264,66
4265,95
4266,81
4267,36
4268,27
4269,1
4270,80
4271,80
4272,2
4273,4
4274,31
4275,17
4276,94
4277,39
4278,72
4279,10
4280,81
4281,57
4282,23
4283,40
4284,80
4285,47
4286,12
4287,42
4288,65
4289,28
4290,30
4291,80
4292,43
4293,28
4294,75
4295,49
4296,64
4297,21
4298,36
4299,25
4300,57
4301,93
4302,58
4303,20
4304,99
4305,84
4306,72
4307,54
4308,23
4309,86
4310,54
4311,1
4312,35
4313,31
4314,67
4315,67
4316,71
4317,53
4318,64
4319,80
4320,77
4321,98
4322,81
4323,58
4324,97
4325,15
4326,54
4327,66
4328,48
4329,80
4330,97
4331,54
4332,86
4333,43
4334,75
4335,71
4336,91
4337,91
4338,87
4339,99
4340,24
4341,80
4342,84
4343,37
4344,26
4345,49
4346,42
4347,17
4348,18
4349,73
4350,66
4351,67
4352,18
4353,12
4354,69
4355,25
4356,74
4357,18
4358,40
4359,74
4360,80
4361,60
4362,99
4363,76
4364,39
4365,26
4366,35
4367,38
4368,42
4369,68
4370,36
4371,37
4372,3
4373,36
4374,51
4375,22
4376,28
4377,79
4378,33
4379,63
4380,27
4381,52
4382,60
4383,20
4384,57
4385,76
4386,23
4387,67
4388,23
4389,50
4390,17
4391,18
4392,23
4393,23
4394,34
4395,13
4396,87
4397,71
4398,1
4399,23
4400,24
4401,39
4402,95
4403,69
4404,39
4405,85
4406,89
4407,45
4408,73
4409,62
4410,48
4411,42
4412,28
4413,1
4414,66
4415,53
4416,65
4417,40
4418,23
4419,30
4420,36
4421,58
4422,75
4423,28
4424,66
4425,34
4426,73
4427,35
4428,67
4429,28
4430,30
4431,99
4432,39
4433,94
4434,87
4435,53
4436,83
4437,46
4438,4
4439,97
4440,4
4441,87
4442,42
4443,3
4444,88
4445,40
4446,57
4447,92
4448,24
4449,23
4450,19
4451,23
4452,55
4453,2
4454,10
4455,28
4456,90
4457,4
4458,65
4459,79
4460,23
4461,90
4462,28
4463,51
4464,12
4465,52
4466,91
4467,87
4468,63
4469,28
4470,28
4471,76
4472,78
4473,42
4474,60
4475,1
4476,98
4477,39
4478,24
4479,66
4480,73
4481,80
4482,80
4483,59
4484,1
4485,31
4486,98
4487,92
4488,51
4489,57
4490,21
4491,23
4492,13
4493,16
4494,87
4495,71
4496,65
4497,0
4498,15
4499,17
4500,70
4501,76
4502,73
4503,7
4504,45
4505,97
4506,23
4507,47
4508,18
4509,37
4510,80
4511,1
4512,57
4513,50
4514,32
4515,25
4516,10
4517,54
4518,86
4519,64
4520,1
4521,41
4522,68
4523,87
4524,28
4525,20
4526,31
4527,30
4528,41
4529,68
4530,21
4531,71
4532,1
4533,8
4534,23
4535,1
4536,2
4537,51
4538,28
4539,17
4540,34
4541,28
4542,30
4543,23
4544,65
4545,57
4546,71
4547,72
4548,44
4549,95
4550,97
4551,17
4552,13
4553,74
4554,23
4555,36
4556,81
4557,44
4558,26
4559,37
4560,82
4561,10
4562,41
4563,91
4564,76
4565,88
4566,99
4567,51
4568,10
4569,60
4570,70
4571,45
4572,3
4573,1
4574,10
4575,76
4576,23
4577,87
4578,25
4579,91
4580,87
4581,88
4582,82
4583,35
4584,29
4585,54
4586,1
4587,44
4588,49
4589,16
4590,69
4591,90
4592,26
4593,6
4594,23
4595,71
4596,13
4597,0
4598,6
4599,24
4600,25
4601,41
4602,82
4603,18
4604,15
4605,0
4606,9
4607,20
4608,45
4609,0
4610,51
4611,28
4612,95
4613,8
4614,80
4615,14
4616,28
4617,90
4618,92
4619,61
4620,20
4621,49
4622,83
4623,51
4624,40
4625,99
4626,92
4627,65
4628,86
4629,95
4630,76
4631,68
4632,12
4633,76
4634,37
4635,23
4636,70
4637,89
4638,76
4639,73
4640,24
4641,65
4642,1
4643,40
4644,42
4645,69
4646,1
4647,0
4648,86
4649,36
4650,23
4651,34
4652,3
4653,91
4654,5
4655,8
4656,32
4657,54
4658,91
4659,1
4660,69
4661,78
4662,25
4663,85
4664,50
4665,32
4666,1
4667,28
4668,74
4669,40
4670,69
4671,10
4672,90
4673,65
4674,67
4675,12
4676,86
4677,28
4678,73
4679,38
4680,25
4681,23
4682,11
4683,87
4684,33
4685,32
4686,30
4687,25
4688,4
4689,20
4690,44
4691,84
4692,45
4693,3
4694,95
4695,72
4696,80
4697,24
4698,69
4699,92
4700,41
4701,65
4702,40
4703,77
4704,87
4705,28
4706,47
4707,51
4708,83
4709,91
4710,57
4711,89
4712,12
4713,12
4714,46
4715,61
4716,27
4717,19
4718,65
4719,41
4720,35
4721,51
4722,73
4723,68
4724,80
4725,49
4726,81
4727,99
4728,79
4729,18
4730,97
4731,23
4732,65
4733,90
4734,17
4735,53
4736,58
4737,42
4738,29
4739,25
4740,39
4741,96
4742,78
4743,23
4744,65
4745,27
4746,25
4747,61
4748,79
4749,87
4750,92
4751,9
4752,97
4753,25
4754,41
4755,89
4756,28
4757,36
4758,45
4759,39
4760,75
4761,2
4762,55
4763,97
4764,42
4765,40
4766,92
4767,33
4768,52
4769,23
4770,17
4771,31
4772,86
4773,21
4774,58
4775,87
4776,18
4777,66
4778,56
4779,83
4780,28
4781,73
4782,58
4783,28
4784,78
4785,64
4786,6
4787,74
4788,15
4789,91
4790,69
4791,6
4792,17
4793,64
4794,15
4795,2
4796,75
4797,97
4798,38
4799,68
4800,30
4801,71
4802,49
4803,65
4804,23
4805,68
4806,78
4807,53
4808,80
4809,47
4810,93
4811,93
4812,33
4813,9
4814,71
4815,62
4816,77
4817,85
4818,71
4819,37
4820,89
4821,67
4822,99
4823,17
4824,41
4825,71
4826,39
4827,28
4828,22
4829,44
4830,83
4831,65
4832,50
4833,49
4834,80
4835,83
4836,94
4837,78
4838,69
4839,50
4840,45
4841,83
4842,75
4843,92
4844,99
4845,28
4846,62
4847,98
4848,33
4849,91
4850,84
4851,47
4852,31
4853,57
4854,93
4855,36
4856,51
4857,23
4858,36
4859,57
4860,80
4861,79
4862,94
4863,99
4864,1
4865,36
4866,65
4867,31
4868,86
4869,55
4870,76
4871,70
4872,57
4873,18
4874,87
4875,27
4876,67
4877,7
4878,46
4879,92
4880,34
4881,88
4882,54
4883,3
4884,79
4885,25
4886,7
4887,1
4888,36
4889,85
4890,50
4891,22
4892,55
4893,70
4894,13
4895,50
4896,92
4897,36
4898,39
4899,8
4900,8
4901,23
4902,98
4903,28
4904,75
4905,10
4906,4
4907,44
4908,39
4909,10
4910,47
4911,86
4912,65
4913,54
4914,90
4915,28
4916,61
4917,30
4918,24
4919,1
4920,53
4921,37
4922,9
4923,89
4924,23
4925,80
4926,79
4927,9
4928,81
4929,59
4930,41
4931,45
4932,69
4933,9
4934,62
4935,16
4936,86
4937,84
4938,28
4939,28
4940,14
4941,87
4942,99
4943,82
4944,40
4945,71
4946,97
4947,54
4948,51
4949,13
4950,52
4951,67
4952,94
4953,50
4954,51
4955,24
4956,36
4957,24
4958,39
4959,1
4960,94
4961,28
4962,59
4963,9
4964,57
4965,28
4966,66
4967,73
4968,1
4969,90
4970,40
4971,59
4972,8
4973,66
4974,47
4975,62
4976,91
4977,80
4978,69
4979,39
4980,33
4981,33
4982,25
4983,30
4984,22
4985,99
4986,51
4987,88
4988,94
4989,96
4990,33
4991,69
4992,73
4993,39
4994,28
4995,86
4996,36
4997,20
4998,9
4999,91
5000,79
5001,87
5002,69
5003,76
5004,44
5005,36
5006,25
5007,40
5008,17
5009,22
5010,33
5011,24
5012,73
5013,42
5014,4
5015,93
5016,13
5017,28
5018,89
5019,73
5020,89
5021,40
5022,23
5023,84
5024,65
5025,1
5026,59
5027,28
5028,90
5029,25
5030,86
5031,28
5032,40
5033,23
5034,0
5035,28
5036,23
5037,28
5038,62
5039,36
5040,86
5041,41
5042,79
5043,80
5044,1
5045,76
5046,46
5047,1
5048,34
5049,45
5050,36
5051,83
5052,80
5053,87
5054,92
5055,71
5056,55
5057,73
5058,76
5059,96
5060,58
5061,10
5062,66
5063,91
5064,87
5065,87
5066,53
5067,89
5068,68
5069,36
5070,26
5071,40
5072,66
5073,56
5074,55
5075,39
5076,79
5077,76
5078,83
5079,80
5080,8
5081,82
5082,7
5083,51
5084,46
5085,71
5086,80
5087,80
5088,93
5089,36
5090,73
5091,22
5092,23
5093,23
5094,39
5095,28
5096,97
5097,71
5098,35
5099,87
5100,31
5101,68
5102,2
5103,20
5104,90
5105,55
5106,57
5107,88
5108,68
5109,2
5110,86
5111,79
5112,36
5113,36
5114,5
5115,88
5116,52
5117,32
5118,42
5119,0
5120,33
5121,62
5122,24
5123,1
5124,89
5125,71
5126,10
5127,88
5128,28
5129,57
5130,75
5131,36
5132,16
5133,85
5134,13
5135,28
5136,25
5137,77
5138,87
5139,25
5140,93
5141,39
5142,73
5143,23
5144,37
5145,12
5146,57
5147,95
5148,28
5149,25
5150,65
5151,99
5152,24
5153,13
5154,23
5155,19
5156,25
5157,23
5158,94
5159,69
5160,28
5161,54
5162,23
5163,87
5164,40
5165,80
5166,25
5167,42
5168,20
5169,86
5170,32
5171,51
5172,8
5173,91
5174,50
5175,1
5176,9
5177,4
5178,16
5179,85
5180,34
5181,31
5182,32
5183,10
5184,46
5185,71
5186,1
5187,9
5188,60
5189,98
5190,97
5191,32
5192,71
5193,23
5194,83
5195,25
5196,32
5197,22
5198,95
5199,40
5200,21
5201,14
5202,25
5203,66
5204,54
5205,28
5206,46
5207,55
5208,40
5209,36
5210,89
5211,62
5212,36
5213,27
5214,28
5215,12
5216,13
5217,44
5218,23
5219,67
5220,23
5221,10
5222,94
5223,32
5224,14
5225,28
5226,25
5227,44
5228,55
5229,23
5230,73
5231,39
5232,66
5233,22
5234,6
5235,91
5236,3
5237,48
5238,80
5239,26
5240,67
5241,92
5242,44
5243,53
5244,85
5245,8
5246,23
5247,66
5248,13
5249,35
5250,0
5251,37
5252,51
5253,92
5254,67
5255,23
5256,29
5257,4
5258,48
5259,80
5260,85
5261,42
5262,73
5263,15
5264,80
5265,98
5266,16
5267,11
5268,42
5269,54
5270,9
5271,67
5272,83
5273,1
5274,24
5275,40
5276,79
5277,44
5278,73
5279,70
5280,4
5281,81
5282,44
5283,71
5284,10
5285,16
5286,23
5287,9
5288,28
5289,64
5290,71
5291,36
5292,77
5293,23
5294,42
5295,32
5296,57
5297,95
5298,67
5299,44
5300,95
5301,61
5302,80
5303,97
5304,23
5305,74
5306,87
5307,71
5308,36
5309,40
5310,56
5311,9
5312,23
5313,47
5314,23
5315,40
5316,69
5317,57
5318,36
5319,23
5320,28
5321,76
5322,62
5323,23
5324,52
5325,32
5326,18
5327,71
5328,80
5329,27
5330,39
5331,61
5332,59
5333,88
5334,94
5335,12
5336,10
5337,46
5338,13
5339,21
5340,23
5341,66
5342,76
5343,28
5344,1
5345,83
5346,26
5347,22
5348,28
5349,81
5350,65
5351,87
5352,33
5353,70
5354,65
5355,40
5356,82
5357,25
5358,27
5359,92
5360,33
5361,71
5362,35
5363,71
5364,33
5365,7
5366,62
5367,68
5368,1
5369,37
5370,41
5371,23
5372,32
5373,16
5374,43
5375,93
5376,67
5377,59
5378,21
5379,92
5380,23
5381,23
5382,33
5383,77
5384,24
5385,25
5386,39
5387,97
5388,36
5389,57
5390,1
5391,17
5392,91
5393,33
5394,36
5395,76
5396,15
5397,23
5398,58
5399,92
5400,32
5401,36
5402,43
5403,30
5404,70
5405,36
5406,39
5407,28
5408,69
5409,86
5410,42
5411,57
5412,82
5413,12
5414,40
5415,22
5416,50
5417,87
5418,76
5419,23
5420,36
5421,28
5422,21
5423,87
5424,30
5425,91
5426,53
5427,28
5428,28
5429,62
5430,59
5431,37
5432,51
5433,96
5434,92
5435,17
5436,10
5437,41
5438,71
5439,84
5440,53
5441,61
5442,35
5443,73
5444,71
5445,36
5446,42
5447,23
5448,76
5449,46
5450,55
5451,75
5452,37
5453,57
5454,86
5455,45
5456,98
5457,26
5458,36
5459,62
5460,39
5461,54
5462,10
5463,82
5464,40
5465,63
5466,71
5467,23
5468,35
5469,38
5470,39
5471,51
5472,68
5473,33
5474,30
5475,47
5476,69
5477,61
5478,10
5479,12
5480,14
5481,80
5482,55
5483,36
5484,50
5485,37
5486,18
5487,47
5488,66
5489,26
5490,35
5491,62
5492,23
5493,45
5494,90
5495,86
5496,10
5497,52
5498,28
5499,28
5500,1
5501,18
5502,80
5503,10
5504,33
5505,73
5506,36
5507,62
5508,36
5509,23
5510,47
5511,97
5512,87
5513,45
5514,39
5515,87
5516,22
5517,70
5518,23
5519,62
5520,5
5521,31
5522,26
5523,54
5524,45
5525,67
5526,45
5527,71
5528,96
5529,1
5530,86
5531,10
5532,24
5533,39
5534,73
5535,30
5536,86
5537,80
5538,84
5539,87
5540,90
5541,17
5542,36
5543,12
5544,22
5545,47
5546,71
5547,32
5548,87
5549,99
5550,84
5551,4
5552,24
5553,40
5554,23
5555,22
5556,56
5557,66
5558,51
5559,50
5560,67
5561,87
5562,89
5563,56
5564,23
5565,25
5566,79
5567,81
5568,95
5569,48
5570,44
5571,88
5572,69
5573,23
5574,93
5575,28
5576,30
5577,26
5578,69
5579,80
5580,17
5581,71
5582,23
5583,57
5584,28
5585,4
5586,68
5587,59
5588,89
5589,52
5590,86
5591,20
5592,92
5593,46
5594,20
5595,36
5596,55
5597,24
5598,46
5599,65
5600,30
5601,1
5602,71
5603,2
5604,20
5605,28
5606,1
5607,89
5608,33
5609,84
5610,59
5611,73
5612,69
5613,25
5614,10
5615,87
5616,30
5617,81
5618,33
5619,18
5620,25
5621,36
5622,44
5623,23
5624,33
5625,91
5626,80
5627,69
5628,22
5629,43
5630,69
5631,87
5632,31
5633,29
5634,87
5635,18
5636,39
5637,87
5638,0
5639,12
5640,36
5641,65
5642,8
5643,12
5644,9
5645,22
5646,65
5647,66
5648,39
5649,24
5650,23
5651,75
5652,0
5653,56
5654,94
5655,54
5656,39
5657,64
5658,80
5659,30
5660,96
5661,39
5662,69
5663,20
5664,28
5665,0
5666,42
5667,74
5668,4
5669,18
5670,4
5671,81
5672,95
5673,37
5674,33
5675,56
5676,11
5677,18
5678,38
5679,28
5680,41
5681,13
5682,32
5683,64
5684,55
5685,9
5686,88
5687,76
5688,25
5689,23
5690,81
5691,83
5692,87
5693,18
5694,46
5695,64
5696,13
5697,83
5698,49
5699,42
5700,49
5701,25
5702,42
5703,79
5704,55
5705,23
5706,7
5707,66
5708,39
5709,1
5710,36
5711,12
5712,30
5713,93
5714,39
5715,50
5716,71
5717,77
5718,12
5719,54
5720,40
5721,92
5722,11
5723,83
5724,81
5725,86
5726,40
5727,40
5728,51
5729,2
5730,80
5731,86
5732,9
5733,0
5734,92
5735,76
5736,73
5737,54
5738,36
5739,96
5740,25
5741,36
5742,22
5743,87
5744,87
5745,54
5746,87
5747,87
5748,82
5749,14
5750,16
5751,66
5752,33
5753,61
5754,43
5755,67
5756,21
5757,3
5758,93
5759,48
5760,62
5761,57
5762,1
5763,29
5764,99
5765,1
5766,73
5767,91
5768,56
5769,1
5770,36
5771,56
5772,2
5773,71
5774,5
5775,36
5776,85
5777,40
5778,93
5779,66
5780,15
5781,76
5782,53
5783,82
5784,23
5785,64
5786,0
5787,77
5788,46
5789,38
5790,74
5791,36
5792,54
5793,22
5794,25
5795,28
5796,75
5797,73
5798,80
5799,55
5800,73
5801,12
5802,54
5803,59
5804,69
5805,49
5806,30
5807,53
5808,1
5809,91
5810,72
5811,54
5812,96
5813,44
5814,20
5815,44
5816,99
5817,23
5818,71
5819,65
5820,94
5821,47
5822,65
5823,44
5824,59
5825,32
5826,40
5827,10
5828,12
5829,64
5830,31
5831,39
5832,33
5833,99
5834,71
5835,55
5836,39
5837,81
5838,73
5839,3
5840,79
5841,57
5842,65
5843,53
5844,81
5845,32
5846,76
5847,20
5848,59
5849,44
5850,36
5851,75
5852,77
5853,32
5854,66
5855,23
5856,36
5857,57
5858,75
5859,62
5860,56
5861,77
5862,27
5863,78
5864,25
5865,23
5866,99
5867,23
5868,49
5869,97
5870,68
5871,50
5872,94
5873,86
5874,96
5875,41
5876,40
5877,22
5878,42
5879,23
5880,90
5881,80
5882,23
5883,55
5884,23
5885,80
5886,73
5887,87
5888,28
5889,12
5890,89
5891,36
5892,10
5893,28
5894,23
5895,71
5896,67
5897,82
5898,18
5899,1
5900,10
5901,36
5902,10
5903,60
5904,69
5905,69
5906,5
5907,65
5908,54
5909,34
5910,94
5911,18
5912,99
5913,50
5914,35
5915,36
5916,50
5917,47
5918,99
5919,3
5920,36
5921,80
5922,13
5923,42
5924,23
5925,28
5926,40
5927,31
5928,68
5929,47
5930,95
5931,80
5932,66
5933,79
5934,76
5935,80
5936,1
5937,60
5938,36
5939,37
5940,36
5941,25
5942,63
5943,44
5944,39
5945,23
5946,15
5947,25
5948,30
5949,80
5950,31
5951,10
5952,39
5953,40
5954,74
5955,87
5956,99
5957,73
5958,28
5959,25
5960,97
5961,24
5962,28
5963,23
5964,31
5965,10
5966,17
5967,89
5968,94
5969,14
5970,19
5971,67
5972,25
5973,60
5974,44
5975,87
5976,86
5977,45
5978,80
5979,32
5980,44
5981,86
5982,42
5983,36
5984,55
5985,36
5986,87
5987,4
5988,19
5989,23
5990,44
5991,40
5992,36
5993,33
5994,91
5995,88
5996,86
5997,51
5998,50
5999,36
6000,4
6001,86
6002,46
6003,81
6004,68
6005,76
6006,80
6007,94
6008,47
6009,92
6010,71
6011,25
6012,29
6013,97
6014,73
6015,4
6016,86
6017,36
6018,14
6019,18
6020,2
6021,67
6022,48
6023,66
6024,39
6025,57
6026,92
6027,64
6028,23
6029,50
6030,31
6031,36
6032,85
6033,63
6034,59
6035,39
6036,28
6037,73
6038,61
6039,38
6040,98
6041,25
6042,8
6043,51
6044,88
6045,65
6046,71
6047,17
6048,77
6049,55
6050,73
6051,73
6052,65
6053,6
6054,87
6055,82
6056,78
6057,34
6058,16
6059,92
6060,95
6061,82
6062,69
6063,86
6064,57
6065,36
6066,87
6067,28
6068,91
6069,83
6070,76
6071,47
6072,60
6073,75
6074,24
6075,10
6076,80
6077,26
6078,67
6079,80
6080,85
6081,8
6082,39
6083,6
6084,49
6085,40
6086,65
6087,25
6088,34
6089,54
6090,51
6091,34
6092,42
6093,43
6094,36
6095,20
6096,35
6097,49
6098,23
6099,77
6100,48
6101,57
6102,20
6103,81
6104,12
6105,90
6106,10
6107,90
6108,77
6109,25
6110,4
6111,1
6112,74
6113,77
6114,83
6115,33
6116,23
6117,15
6118,21
6119,40
6120,56
6121,71
6122,64
6123,87
6124,80
6125,71
6126,71
6127,2
6128,28
6129,44
6130,67
6131,51
6132,60
6133,87
6134,86
6135,54
6136,16
6137,71
6138,59
6139,24
6140,46
6141,11
6142,71
6143,16
6144,54
6145,51
6146,58
6147,68
6148,49
6149,21
6150,23
6151,25
6152,38
6153,80
6154,97
6155,25
6156,20
6157,23
6158,39
6159,57
6160,77
6161,23
6162,40
6163,36
6164,25
6165,92
6166,49
6167,48
6168,80
6169,87
6170,69
6171,97
6172,65
6173,7
6174,25
6175,73
6176,98
6177,36
6178,91
6179,51
6180,99
6181,1
6182,93
6183,92
6184,99
6185,31
6186,65
6187,23
6188,66
6189,92
6190,57
6191,36
6192,87
6193,80
6194,87
6195,91
6196,31
6197,68
6198,86
6199,40
6200,8
6201,69
6202,77
6203,28
6204,25
6205,71
6206,18
6207,46
6208,1
6209,49
6210,19
6211,33
6212,18
6213,52
6214,87
6215,63
6216,25
6217,91
6218,2
6219,53
6220,23
6221,96
6222,4
6223,69
6224,25
6225,96
6226,55
6227,9
6228,88
6229,49
6230,72
6231,98
6232,24
6233,18
6234,38
6235,99
6236,65
6237,55
6238,68
6239,9
6240,81
6241,10
6242,69
6243,44
6244,11
6245,99
6246,26
6247,0
6248,99
6249,69
6250,87
6251,47
6252,3
6253,75
6254,44
6255,32
6256,46
6257,71
6258,3
6259,99
6260,49
6261,97
6262,48
6263,3
6264,80
6265,87
6266,69
6267,3
6268,69
6269,92
6270,44
6271,6
6272,94
6273,37
6274,36
6275,81
6276,47
6277,13
6278,0
6279,80
6280,36
6281,42
6282,29
6283,1
6284,37
6285,23
6286,28
6287,84
6288,46
6289,99
6290,13
6291,82
6292,2
6293,88
6294,46
6295,98
6296,9
6297,67
6298,56
6299,38
6300,96
6301,55
6302,26
6303,69
6304,36
6305,10
6306,79
6307,8
6308,15
6309,64
6310,23
6311,80
6312,58
6313,31
6314,39
6315,80
6316,27
6317,44
6318,97
6319,56
6320,12
6321,32
6322,67
6323,44
6324,30
6325,67
6326,30
6327,28
6328,23
6329,39
6330,67
6331,63
6332,59
6333,67
6334,9
6335,26
6336,22
6337,86
6338,69
6339,15
6340,87
6341,85
6342,85
6343,76
6344,69
6345,28
6346,57
6347,88
6348,23
6349,41
6350,36
6351,79
6352,31
6353,42
6354,65
6355,78
6356,47
6357,21
6358,15
6359,71
6360,71
6361,2
6362,5
6363,33
6364,25
6365,51
6366,64
6367,35
6368,19
6369,23
6370,44
6371,71
6372,60
6373,24
6374,77
6375,60
6376,4
6377,16
6378,12
6379,17
6380,91
6381,38
6382,92
6383,96
6384,32
6385,79
6386,76
6387,87
6388,53
6389,50
6390,63
6391,25
6392,9
6393,47
6394,49
6395,71
6396,42
6397,23
6398,23
6399,25
6400,96
6401,40
6402,68
6403,23
6404,71
6405,81
6406,14
6407,65
6408,23
6409,28
6410,90
6411,23
6412,74
6413,57
6414,39
6415,5
6416,81
6417,51
6418,96
6419,54
6420,28
6421,46
6422,47
6423,79
6424,76
6425,73
6426,44
6427,28
6428,40
6429,78
6430,36
6431,23
6432,66
6433,28
6434,44
6435,10
6436,60
6437,32
6438,26
6439,76
6440,85
6441,28
6442,83
6443,73
6444,97
6445,73
6446,95
6447,50
6448,37
6449,23
6450,64
6451,56
6452,82
6453,40
6454,97
6455,90
6456,1
6457,42
6458,67
6459,92
6460,40
6461,23
6462,2
6463,66
6464,71
6465,82
6466,36
6467,28
6468,99
6469,39
6470,40
6471,82
6472,0
6473,24
6474,80
6475,20
6476,80
6477,40
6478,66
6479,46
6480,77
6481,19
6482,86
6483,18
6484,58
6485,25
6486,55
6487,69
6488,48
6489,27
6490,54
6491,5
6492,43
6493,80
6494,4
6495,87
6496,7
6497,36
6498,54
6499,57
6500,89
6501,79
6502,23
6503,5
6504,94
6505,67
6506,91
6507,16
6508,5
6509,9
6510,33
6511,47
6512,94
6513,67
6514,66
6515,1
6516,99
6517,31
6518,89
6519,35
6520,73
6521,90
6522,87
6523,28
6524,58
6525,84
6526,57
6527,73
6528,37
6529,67
6530,77
6531,44
6532,43
6533,86
6534,77
6535,5
6536,97
6537,75
6538,57
6539,1
6540,50
6541,20
6542,53
6543,56
6544,38
6545,57
6546,86
6547,95
6548,93
6549,29
6550,40
6551,25
6552,36
6553,23
6554,36
6555,55
6556,77
6557,81
6558,86
6559,53
6560,42
6561,87
6562,28
6563,51
6564,79
6565,54
6566,25
6567,31
6568,46
6569,3
6570,62
6571,49
6572,6
6573,83
6574,37
6575,50
6576,21
6577,10
6578,0
6579,23
6580,24
6581,97
6582,5
6583,56
6584,67
6585,31
6586,25
6587,86
6588,30
6589,36
6590,93
6591,62
6592,17
6593,1
6594,66
6595,34
6596,66
6597,54
6598,87
6599,20
6600,82
6601,71
6602,10
6603,87
6604,5
6605,31
6606,67
6607,68
6608,56
6609,93
6610,13
6611,36
6612,42
6613,87
6614,55
6615,92
6616,26
6617,25
6618,86
6619,25
6620,28
6621,23
6622,7
6623,5
6624,76
6625,89
6626,84
6627,80
6628,91
6629,73
6630,54
6631,23
6632,36
6633,23
6634,29
6635,92
6636,29
6637,31
6638,80
6639,56
6640,80
6641,47
6642,0
6643,39
6644,46
6645,85
6646,1
6647,87
6648,44
6649,25
6650,83
6651,1
6652,60
6653,45
6654,41
6655,79
6656,10
6657,24
6658,23
6659,90
6660,54
6661,0
6662,10
6663,1
6664,40
6665,79
6666,28
6667,63
6668,16
6669,22
6670,25
6671,85
6672,94
6673,73
6674,99
6675,33
6676,63
6677,45
6678,65
6679,62
6680,44
6681,62
6682,66
6683,91
6684,86
6685,70
6686,98
6687,58
6688,73
6689,87
6690,41
6691,86
6692,71
6693,33
6694,75
6695,10
6696,79
6697,69
6698,96
6699,2
6700,23
6701,36
6702,84
6703,60
6704,28
6705,65
6706,27
6707,80
6708,68
6709,64
6710,18
6711,59
6712,19
6713,92
6714,19
6715,63
6716,56
6717,21
6718,35
6719,68
6720,64
6721,78
6722,54
6723,7
6724,40
6725,44
6726,72
6727,40
6728,92
6729,23
6730,15
6731,97
6732,14
6733,45
6734,39
6735,7
6736,86
6737,72
6738,69
6739,23
6740,79
6741,89
6742,36
6743,58
6744,94
6745,28
6746,40
6747,19
6748,92
6749,18
6750,82
6751,71
6752,50
6753,99
6754,7
6755,73
6756,87
6757,45
6758,49
6759,97
6760,73
6761,36
6762,71
6763,6
6764,23
6765,10
6766,67
6767,91
6768,30
6769,36
6770,49
6771,85
6772,30
6773,55
6774,42
6775,95
6776,36
6777,51
6778,49
6779,26
6780,28
6781,88
6782,37
6783,69
6784,23
6785,1
6786,5
6787,85
6788,83
6789,23
6790,9
6791,54
6792,26
6793,33
6794,65
6795,79
6796,85
6797,10
6798,77
6799,13
6800,74
6801,18
6802,65
6803,23
6804,27
6805,31
6806,23
6807,73
6808,91
6809,56
6810,44
6811,60
6812,61
6813,80
6814,71
6815,82
6816,40
6817,34
6818,46
6819,13
6820,87
6821,79
6822,62
6823,80
6824,9
6825,92
6826,78
6827,32
6828,23
6829,32
6830,72
6831,30
6832,63
6833,53
6834,16
6835,97
6836,76
6837,10
6838,24
6839,80
6840,78
6841,98
6842,65
6843,42
6844,54
6845,40
6846,30
6847,15
6848,33
6849,0
6850,35
6851,36
6852,40
6853,0
6854,71
6855,23
6856,81
6857,6
6858,17
6859,69
6860,98
6861,23
6862,94
6863,28
6864,79
6865,61
6866,23
6867,37
6868,88
6869,80
6870,51
6871,40
6872,55
6873,35
6874,50
6875,41
6876,81
6877,34
6878,87
6879,36
6880,28
6881,57
6882,23
6883,31
6884,36
6885,76
6886,97
6887,3
6888,92
6889,69
6890,84
6891,10
6892,91
6893,72
6894,23
6895,80
6896,48
6897,65
6898,63
6899,39
6900,97
6901,6
6902,42
6903,23
6904,10
6905,87
6906,54
6907,1
6908,53
6909,57
6910,49
6911,97
6912,28
6913,74
6914,12
6915,52
6916,9
6917,21
6918,97
6919,76
6920,38
6921,1
6922,23
6923,71
6924,40
6925,9
6926,50
6927,0
6928,68
6929,64
6930,60
6931,27
6932,54
6933,98
6934,46
6935,74
6936,50
6937,71
6938,56
6939,23
6940,86
6941,47
6942,31
6943,32
6944,18
6945,47
6946,86
6947,39
6948,42
6949,17
6950,70
6951,86
6952,92
6953,50
6954,18
6955,74
6956,28
6957,62
6958,91
6959,50
6960,55
6961,69
6962,81
6963,98
6964,90
6965,23
6966,42
6967,71
6968,99
6969,1
6970,65
6971,23
6972,50
6973,89
6974,85
6975,90
6976,76
6977,23
6978,18
6979,80
6980,19
6981,47
6982,97
6983,79
6984,28
6985,2
6986,27
6987,23
6988,66
6989,74
6990,14
6991,87
6992,1
6993,21
6994,47
6995,5
6996,51
6997,42
6998,97
6999,75
7000,28
7001,44
7002,32
7003,97
7004,28
7005,39
7006,16
7007,40
7008,44
7009,18
7010,99
7011,7
7012,84
7013,6
7014,23
7015,88
7016,63
7017,71
7018,94
7019,10
7020,18
7021,49
7022,36
7023,55
7024,74
7025,40
7026,40
7027,44
7028,48
7029,61
7030,23
7031,90
7032,68
7033,27
7034,80
7035,23
7036,21
7037,23
7038,73
7039,64
7040,79
7041,40
7042,14
7043,88
7044,35
7045,82
7046,99
7047,28
7048,75
7049,62
7050,98
7051,10
7052,76
7053,54
7054,71
7055,92
7056,39
7057,49
7058,31
7059,54
7060,50
7061,96
7062,71
7063,71
7064,49
7065,15
7066,8
7067,77
7068,87
7069,49
7070,6
7071,74
7072,82
7073,97
7074,39
7075,13
7076,4
7077,96
7078,23
7079,13
7080,36
7081,17
7082,87
7083,90
7084,65
7085,25
7086,87
7087,11
7088,85
7089,31
7090,94
7091,76
7092,79
7093,33
7094,71
7095,94
7096,36
7097,20
7098,83
7099,36
7100,12
7101,44
7102,89
7103,53
7104,96
7105,23
7106,71
7107,77
7108,19
7109,65
7110,48
7111,91
7112,39
7113,64
7114,71
7115,37
7116,97
7117,36
7118,6
7119,23
7120,51
7121,23
7122,40
7123,47
7124,97
7125,12
7126,45
7127,62
7128,11
7129,69
7130,12
7131,87
7132,52
7133,26
7134,51
7135,16
7136,36
7137,87
7138,17
7139,12
7140,8
7141,0
7142,77
7143,54
7144,35
7145,71
7146,13
7147,18
7148,97
7149,38
7150,5
7151,90
7152,48
7153,65
7154,73
7155,39
7156,97
7157,99
7158,68
7159,99
7160,25
7161,59
7162,36
7163,36
7164,87
7165,36
7166,33
7167,69
7168,62
7169,9
7170,44
7171,62
7172,20
7173,36
7174,92
7175,12
7176,60
7177,81
7178,75
7179,15
7180,19
7181,39
7182,76
7183,21
7184,80
7185,36
7186,80
7187,94
7188,79
7189,57
7190,33
7191,9
7192,70
7193,79
7194,87
7195,70
7196,78
7197,51
7198,33
7199,80
7200,34
7201,79
7202,81
7203,69
7204,1
7205,86
7206,36
7207,23
7208,97
7209,80
7210,32
7211,47
7212,35
7213,25
7214,54
7215,67
7216,91
7217,57
7218,40
7219,52
7220,79
7221,97
7222,22
7223,8
7224,17
7225,53
7226,72
7227,36
7228,59
7229,28
7230,24
7231,66
7232,16
7233,36
7234,31
7235,76
7236,87
7237,5
7238,39
7239,36
7240,83
7241,82
7242,84
7243,98
7244,80
7245,36
7246,27
7247,1
7248,73
7249,94
7250,47
7251,69
7252,40
7253,92
7254,60
7255,77
7256,87
7257,76
7258,65
7259,90
7260,32
7261,28
7262,78
7263,36
7264,39
7265,23
7266,60
7267,69
7268,50
7269,38
7270,10
7271,81
7272,28
7273,18
7274,95
7275,89
7276,28
7277,86
7278,39
7279,89
7280,51
7281,39
7282,51
7283,91
7284,42
7285,42
7286,47
7287,25
7288,38
7289,40
7290,93
7291,79
7292,74
7293,35
7294,6
7295,46
7296,16
7297,9
7298,73
7299,16
7300,57
7301,55
7302,71
7303,51
7304,66
7305,36
7306,63
7307,71
7308,47
7309,54
7310,30
7311,26
7312,23
7313,28
7314,85
7315,36
7316,62
7317,88
7318,28
7319,49
7320,47
7321,37
7322,21
7323,96
7324,93
7325,1
7326,68
7327,23
7328,61
7329,54
7330,68
7331,77
7332,9
7333,47
7334,65
7335,42
7336,97
7337,23
7338,40
7339,27
7340,32
7341,39
7342,86
7343,23
7344,45
7345,10
7346,44
7347,90
7348,36
7349,30
7350,23
7351,4
7352,10
7353,12
7354,57
7355,84
7356,71
7357,85
7358,18
7359,62
7360,26
7361,66
7362,73
7363,23
7364,87
7365,74
7366,27
7367,67
7368,57
7369,85
7370,28
7371,71
7372,67
7373,40
7374,24
7375,2
7376,86
7377,67
7378,80
7379,58
7380,65
7381,57
7382,52
7383,24
7384,71
7385,50
7386,44
7387,27
7388,66
7389,88
7390,87
7391,92
7392,17
7393,15
7394,54
7395,23
7396,23
7397,77
7398,33
7399,18
7400,65
7401,95
7402,49
7403,99
7404,19
7405,71
7406,68
7407,87
7408,74
7409,40
7410,47
7411,40
7412,48
7413,34
7414,87
7415,5
7416,53
7417,10
7418,79
7419,28
7420,19
7421,79
7422,28
7423,10
7424,23
7425,85
7426,16
7427,90
7428,16
7429,53
7430,73
7431,97
7432,6
7433,50
7434,62
7435,85
7436,55
7437,47
7438,1
7439,54
7440,2
7441,46
7442,10
7443,33
7444,61
7445,88
7446,25
7447,96
7448,21
7449,60
7450,68
7451,88
7452,71
7453,69
7454,34
7455,31
7456,94
7457,12
7458,74
7459,80
7460,71
7461,58
7462,88
7463,89
7464,90
7465,3
7466,40
7467,54
7468,47
7469,43
7470,10
7471,99
7472,71
7473,97
7474,83
7475,78
7476,0
7477,87
7478,45
7479,82
7480,84
7481,30
7482,5
7483,69
7484,71
7485,68
7486,82
7487,25
7488,80
7489,94
7490,87
7491,87
7492,16
7493,88
7494,31
7495,80
7496,89
7497,23
7498,2
7499,1
7500,87
7501,58
7502,68
7503,23
7504,78
7505,85
7506,90
7507,54
7508,18
7509,28
7510,36
7511,55
7512,17
7513,18
7514,23
7515,18
7516,67
7517,44
7518,40
7519,23
7520,72
7521,98
7522,44
7523,89
7524,45
7525,5
7526,9
7527,94
7528,38
7529,2
7530,82
7531,87
7532,53
7533,1
7534,69
7535,36
7536,94
7537,71
7538,10
7539,44
7540,41
7541,95
7542,40
7543,54
7544,4
7545,18
7546,76
7547,5
7548,42
7549,59
7550,50
7551,78
7552,65
7553,34
7554,52
7555,50
7556,1
7557,65
7558,23
7559,42
7560,43
7561,19
7562,93
7563,36
7564,10
7565,62
7566,26
7567,90
7568,71
7569,23
7570,65
7571,96
7572,55
7573,87
7574,33
7575,78
7576,36
7577,57
7578,97
7579,40
7580,8
7581,12
7582,87
7583,81
7584,12
7585,33
7586,93
7587,75
7588,80
7589,1
7590,80
7591,85
7592,85
7593,64
7594,58
7595,53
7596,18
7597,97
7598,23
7599,82
7600,82
7601,62
7602,68
7603,23
7604,37
7605,71
7606,80
7607,2
7608,2
7609,23
7610,48
7611,63
7612,12
7613,70
7614,75
7615,62
7616,89
7617,44
7618,10
7619,12
7620,68
7621,73
7622,70
7623,65
7624,31
7625,23
7626,73
7627,79
7628,73
7629,5
7630,25
7631,60
7632,63
7633,76
7634,16
7635,32
7636,75
7637,69
7638,91
7639,36
7640,23
7641,74
7642,39
7643,36
7644,80
7645,49
7646,93
7647,96
7648,52
7649,97
7650,85
7651,87
7652,75
7653,36
7654,51
7655,83
7656,67
7657,21
7658,57
7659,16
7660,90
7661,54
7662,23
7663,23
7664,23
7665,42
7666,73
7667,88
7668,64
7669,65
7670,81
7671,26
7672,42
7673,33
7674,46
7675,55
7676,92
7677,54
7678,28
7679,79
7680,23
7681,65
7682,91
7683,50
7684,57
7685,87
7686,36
7687,92
7688,57
7689,34
7690,28
7691,56
7692,18
7693,69
7694,80
7695,71
7696,21
7697,42
7698,27
7699,91
7700,66
7701,58
7702,36
7703,33
7704,28
7705,89
7706,23
7707,36
7708,23
7709,25
7710,62
7711,59
7712,0
7713,47
7714,80
7715,47
7716,32
7717,62
7718,21
7719,99
7720,25
7721,76
7722,1
7723,75
7724,28
7725,73
7726,29
7727,59
7728,50
7729,96
7730,37
7731,53
7732,78
7733,12
7734,69
7735,32
7736,96
7737,85
7738,22
7739,9
7740,0
7741,77
7742,89
7743,88
7744,88
7745,28
7746,30
7747,60
7748,65
7749,88
7750,0
7751,17
7752,5
7753,73
7754,87
7755,79
7756,10
7757,64
7758,95
7759,36
7760,80
7761,55
7762,76
7763,23
7764,98
7765,56
7766,73
7767,33
7768,8
7769,40
7770,28
7771,82
7772,51
7773,67
7774,69
7775,90
7776,23
7777,36
7778,31
7779,27
7780,31
7781,7
7782,28
7783,53
7784,0
7785,87
7786,97
7787,36
7788,2
7789,80
7790,80
7791,27
7792,57
7793,44
7794,74
7795,4
7796,71
7797,55
7798,54
7799,83
7800,83
7801,25
7802,66
7803,57
7804,3
7805,80
7806,95
7807,68
7808,55
7809,5
7810,70
7811,58
7812,69
7813,15
7814,96
7815,87
7816,80
7817,39
7818,76
7819,34
7820,1
7821,52
7822,28
7823,59
7824,73
7825,97
7826,47
7827,56
7828,64
7829,1
7830,65
7831,53
7832,2
7833,47
7834,67
7835,28
7836,89
7837,1
7838,91
7839,23
7840,23
7841,87
7842,29
7843,23
7844,23
7845,33
7846,56
7847,44
7848,82
7849,51
7850,1
7851,81
7852,94
7853,73
7854,12
7855,80
7856,9
7857,6
7858,23
7859,8
7860,52
7861,48
7862,91
7863,35
7864,82
7865,69
7866,40
7867,45
7868,55
7869,27
7870,53
7871,91
7872,99
7873,1
7874,51
7875,91
7876,86
7877,99
7878,44
7879,1
7880,28
7881,55
7882,36
7883,73
7884,97
7885,76
7886,16
7887,38
7888,51
7889,64
7890,98
7891,24
7892,30
7893,86
7894,56
7895,12
7896,23
7897,20
7898,55
7899,10
7900,23
7901,51
7902,16
7903,79
7904,37
7905,61
7906,95
7907,78
7908,47
7909,92
7910,46
7911,23
7912,1
7913,12
7914,99
7915,68
7916,85
7917,43
7918,67
7919,19
7920,83
7921,20
7922,16
7923,5
7924,14
7925,17
7926,32
7927,73
7928,76
7929,82
7930,92
7931,96
7932,23
7933,56
7934,23
7935,90
7936,91
7937,91
7938,12
7939,22
7940,6
7941,40
7942,61
7943,91
7944,92
7945,87
7946,84
7947,40
7948,28
7949,55
7950,19
7951,50
7952,54
7953,77
7954,17
7955,29
7956,91
7957,28
7958,14
7959,44
7960,10
7961,53
7962,39
7963,97
7964,28
7965,28
7966,62
7967,12
7968,47
7969,70
7970,5
7971,10
7972,44
7973,75
7974,94
7975,44
7976,5
7977,30
7978,85
7979,31
7980,65
7981,59
7982,82
7983,28
7984,28
7985,86
7986,25
7987,80
7988,51
7989,13
7990,76
7991,60
7992,36
7993,23
7994,34
7995,57
7996,96
7997,98
7998,31
7999,64
8000,17
8001,51
8002,66
8003,95
8004,23
8005,56
8006,28
8007,70
8008,48
8009,39
8010,23
8011,69
8012,23
8013,28
8014,83
8015,9
8016,5
8017,85
8018,14
8019,51
8020,87
8021,65
8022,62
8023,63
8024,84
8025,65
8026,1
8027,58
8028,55
8029,30
8030,34
8031,89
8032,23
8033,29
8034,35
8035,17
8036,34
8037,40
8038,45
8039,55
8040,74
8041,28
8042,12
8043,48
8044,71
8045,80
8046,94
8047,89
8048,5
8049,44
8050,12
8051,82
8052,45
8053,87
8054,86
8055,29
8056,57
8057,1
8058,23
8059,3
8060,23
8061,69
8062,10
8063,23
8064,28
8065,46
8066,21
8067,44
8068,20
8069,31
8070,97
8071,58
8072,63
8073,8
8074,42
8075,80
8076,98
8077,71
8078,48
8079,71
8080,32
8081,12
8082,69
8083,97
8084,12
8085,80
8086,86
8087,69
8088,36
8089,75
8090,90
8091,2
8092,22
8093,24
8094,22
8095,95
8096,44
8097,9
8098,25
8099,99
8100,10
8101,25
8102,98
8103,91
8104,74
8105,63
8106,64
8107,40
8108,6
8109,0
8110,90
8111,28
8112,97
8113,31
8114,49
8115,81
8116,53
8117,69
8118,20
8119,84
8120,35
8121,62
8122,87
8123,32
8124,83
8125,23
8126,13
8127,49
8128,89
8129,42
8130,72
8131,21
8132,47
8133,58
8134,28
8135,40
8136,5
8137,2
8138,88
8139,42
8140,45
8141,55
8142,89
8143,22
8144,40
8145,80
8146,85
8147,87
8148,18
8149,36
8150,41
8151,58
8152,60
8153,0
8154,87
8155,60
8156,98
8157,67
8158,37
8159,26
8160,80
8161,58
8162,36
8163,77
8164,45
8165,23
8166,47
8167,57
8168,65
8169,28
8170,1
8171,28
8172,23
8173,25
8174,49
8175,65
8176,37
8177,51
8178,56
8179,13
8180,59
8181,5
8182,3
8183,23
8184,46
8185,83
8186,17
8187,99
8188,36
8189,27
8190,40
8191,77
8192,1
8193,6
8194,80
8195,9
8196,82
8197,24
8198,84
8199,84
8200,36
8201,23
8202,67
8203,76
8204,63
8205,99
8206,23
8207,92
8208,64
8209,35
8210,23
8211,15
8212,93
8213,50
8214,73
8215,31
8216,0
8217,29
8218,39
8219,89
8220,61
8221,98
8222,62
8223,15
8224,40
8225,21
8226,81
8227,54
8228,87
8229,20
8230,16
8231,62
8232,53
8233,44
8234,71
8235,42
8236,45
8237,88
8238,65
8239,23
8240,96
8241,37
8242,23
8243,97
8244,36
8245,28
8246,87
8247,44
8248,71
8249,97
8250,80
8251,79
8252,45
8253,41
8254,64
8255,16
8256,68
8257,80
8258,57
8259,66
8260,87
8261,87
8262,80
8263,16
8264,1
8265,22
8266,64
8267,9
8268,18
8269,50
8270,24
8271,14
8272,73
8273,47
8274,54
8275,95
8276,29
8277,56
8278,65
8279,13
8280,4
8281,81
8282,69
8283,36
8284,5
8285,0
8286,39
8287,91
8288,87
8289,88
8290,69
8291,97
8292,1
8293,61
8294,57
8295,79
8296,71
8297,9
8298,23
8299,98
8300,0
8301,73
8302,87
8303,87
8304,45
8305,28
8306,85
8307,76
8308,70
8309,3
8310,77
8311,73
8312,42
8313,65
8314,11
8315,21
8316,8
8317,80
8318,34
8319,69
8320,23
8321,25
8322,91
8323,99
8324,36
8325,18
8326,21
8327,74
8328,9
8329,87
8330,20
8331,28
8332,9
8333,26
8334,39
8335,80
8336,16
8337,73
8338,96
8339,59
8340,9
8341,25
8342,94
8343,12
8344,28
8345,75
8346,73
8347,25
8348,15
8349,36
8350,69
8351,67
8352,23
8353,30
8354,99
8355,54
8356,36
8357,23
8358,27
8359,18
8360,27
8361,12
8362,38
8363,10
8364,85
8365,41
8366,54
8367,70
8368,92
8369,16
8370,12
8371,63
8372,72
8373,61
8374,54
8375,28
8376,23
8377,35
8378,72
8379,22
8380,82
8381,22
8382,26
8383,92
8384,20
8385,53
8386,2
8387,30
8388,47
8389,51
8390,38
8391,85
8392,82
8393,26
8394,69
8395,1
8396,36
8397,87
8398,25
8399,10
8400,82
8401,67
8402,28
8403,84
8404,36
8405,99
8406,6
8407,23
8408,87
8409,1
8410,50
8411,30
8412,12
8413,94
8414,87
8415,95
8416,36
8417,63
8418,77
8419,41
8420,59
8421,54
8422,39
8423,63
8424,14
8425,13
8426,54
8427,88
8428,70
8429,21
8430,4
8431,55
8432,32
8433,24
8434,68
8435,42
8436,84
8437,68
8438,58
8439,50
8440,1
8441,33
8442,63
8443,54
8444,54
8445,82
8446,23
8447,54
8448,0
8449,1
8450,59
8451,95
8452,1
8453,36
8454,51
8455,47
8456,46
8457,71
8458,62
8459,12
8460,87
8461,90
8462,28
8463,23
8464,78
8465,22
8466,65
8467,94
8468,1
8469,35
8470,95
8471,97
8472,45
8473,66
8474,74
8475,6
8476,25
8477,91
8478,98
8479,9
8480,27
8481,98
8482,23
8483,28
8484,2
8485,3
8486,80
8487,2
8488,92
8489,82
8490,68
8491,92
8492,53
8493,69
8494,18
8495,99
8496,93
8497,57
8498,73
8499,48
8500,66
8501,49
8502,13
8503,98
8504,75
8505,23
8506,48
8507,46
8508,48
8509,41
8510,80
8511,23
8512,87
8513,23
8514,95
8515,1
8516,1
8517,65
8518,24
8519,23
8520,36
8521,19
8522,15
8523,31
8524,75
8525,23
8526,12
8527,6
8528,39
8529,97
8530,66
8531,66
8532,29
8533,92
8534,12
8535,88
8536,57
8537,25
8538,87
8539,18
8540,96
8541,47
8542,23
8543,5
8544,47
8545,12
8546,44
8547,81
8548,76
8549,87
8550,77
8551,32
8552,28
8553,5
8554,80
8555,50
8556,92
8557,40
8558,10
8559,72
8560,6
8561,68
8562,27
8563,36
8564,62
8565,86
8566,20
8567,28
8568,25
8569,70
8570,73
8571,80
8572,23
8573,40
8574,6
8575,19
8576,62
8577,6
8578,97
8579,23
8580,35
8581,23
8582,85
8583,10
8584,86
8585,57
8586,62
8587,83
8588,62
8589,97
8590,0
8591,81
8592,33
8593,40
8594,80
8595,23
8596,71
8597,36
8598,69
8599,21
8600,44
8601,48
8602,54
8603,65
8604,97
8605,67
8606,23
8607,10
8608,79
8609,38
8610,44
8611,82
8612,36
8613,80
8614,50
8615,30
8616,5
8617,49
8618,66
8619,84
8620,50
8621,82
8622,49
8623,20
8624,84
8625,26
8626,68
8627,94
8628,49
8629,36
8630,45
8631,49
8632,63
8633,32
8634,40
8635,55
8636,69
8637,98
8638,21
8639,57
8640,50
8641,2
8642,37
8643,28
8644,69
8645,24
8646,69
8647,28
8648,26
8649,49
8650,49
8651,15
8652,90
8653,87
8654,3
8655,55
8656,22
8657,32
8658,80
8659,75
8660,93
8661,85
8662,71
8663,81
8664,7
8665,37
8666,84
8667,55
8668,63
8669,80
8670,46
8671,74
8672,28
8673,46
8674,98
8675,28
8676,87
8677,35
8678,1
8679,76
8680,1
8681,49
8682,87
8683,20
8684,23
8685,32
8686,58
8687,36
8688,96
8689,42
8690,87
8691,1
8692,0
8693,31
8694,10
8695,10
8696,90
8697,49
8698,1
8699,53
8700,13
8701,11
8702,59
8703,98
8704,31
8705,53
8706,10
8707,92
8708,91
8709,23
8710,36
8711,74
8712,23
8713,80
8714,71
8715,32
8716,68
8717,88
8718,54
8719,62
8720,61
8721,33
8722,38
8723,56
8724,52
8725,23
8726,43
8727,5
8728,65
8729,50
8730,11
8731,91
8732,36
8733,50
8734,71
8735,11
8736,47
8737,54
8738,10
8739,28
8740,94
8741,72
8742,23
8743,39
8744,71
8745,16
8746,83
8747,53
8748,61
8749,12
8750,66
8751,40
8752,79
8753,0
8754,84
8755,51
8756,83
8757,27
8758,80
8759,36
8760,87
8761,46
8762,73
8763,16
8764,97
8765,60
8766,10
8767,67
8768,1
8769,91
8770,54
8771,6
8772,57
8773,23
8774,66
8775,29
8776,22
8777,20
8778,47
8779,28
8780,42
8781,27
8782,29
8783,90
8784,40
8785,87
8786,0
8787,44
8788,89
8789,39
8790,69
8791,99
8792,36
8793,18
8794,53
8795,20
8796,68
8797,36
8798,91
8799,40
8800,65
8801,97
8802,50
8803,6
8804,91
8805,8
8806,55
8807,71
8808,76
8809,80
8810,77
8811,32
8812,60
8813,40
8814,40
8815,83
8816,65
8817,47
8818,80
8819,82
8820,90
8821,73
8822,99
8823,31
8824,23
8825,90
8826,91
8827,54
8828,35
8829,1
8830,23
8831,60
8832,47
8833,38
8834,54
8835,23
8836,56
8837,23
8838,52
8839,47
8840,74
8841,55
8842,28
8843,40
8844,70
8845,85
8846,17
8847,43
8848,34
8849,28
8850,36
8851,58
8852,22
8853,65
8854,94
8855,79
8856,91
8857,57
8858,23
8859,3
8860,51
8861,42
8862,85
8863,69
8864,3
8865,23
8866,94
8867,0
8868,39
8869,23
8870,89
8871,16
8872,5
8873,68
8874,92
8875,87
8876,17
8877,18
8878,14
8879,94
8880,28
8881,22
8882,16
8883,56
8884,87
8885,92
8886,71
8887,94
8888,91
8889,67
8890,59
8891,25
8892,71
8893,79
8894,33
8895,87
8896,16
8897,72
8898,57
8899,47
8900,68
8901,99
8902,76
8903,54
8904,47
8905,63
8906,98
8907,71
8908,99
8909,23
8910,18
8911,97
8912,26
8913,66
8914,84
8915,54
8916,61
8917,85
8918,28
8919,67
8920,94
8921,5
8922,1
8923,70
8924,78
8925,98
8926,41
8927,44
8928,43
8929,23
8930,19
8931,13
8932,8
8933,44
8934,9
8935,33
8936,12
8937,36
8938,97
8939,93
8940,36
8941,88
8942,36
8943,25
8944,87
8945,94
8946,64
8947,28
8948,98
8949,60
8950,80
8951,54
8952,36
8953,92
8954,43
8955,67
8956,27
8957,60
8958,58
8959,73
8960,62
8961,62
8962,54
8963,96
8964,66
8965,54
8966,46
8967,66
8968,71
8969,16
8970,23
8971,87
8972,71
8973,21
8974,1
8975,62
8976,89
8977,12
8978,17
8979,57
8980,60
8981,66
8982,51
8983,44
8984,16
8985,73
8986,99
8987,16
8988,28
8989,42
8990,50
8991,18
8992,36
8993,89
8994,97
8995,55
8996,46
8997,2
8998,34
8999,50
9000,23
9001,74
9002,36
9003,31
9004,12
9005,65
9006,40
9007,36
9008,74
9009,34
9010,99
9011,67
9012,3
9013,0
9014,55
9015,44
9016,41
9017,22
9018,83
9019,22
9020,69
9021,91
9022,23
9023,93
9024,27
9025,54
9026,67
9027,1
9028,87
9029,12
9030,26
9031,74
9032,40
9033,32
9034,23
9035,57
9036,85
9037,67
9038,33
9039,67
9040,23
9041,3
9042,42
9043,2
9044,40
9045,41
9046,93
9047,98
9048,48
9049,76
9050,83
9051,69
9052,80
9053,95
9054,28
9055,7
9056,18
9057,68
9058,25
9059,54
9060,92
9061,47
9062,86
9063,82
9064,54
9065,44
9066,38
9067,2
9068,97
9069,87
9070,3
9071,55
9072,10
9073,36
9074,6
9075,23
9076,3
9077,44
9078,47
9079,57
9080,77
9081,35
9082,51
9083,18
9084,19
9085,45
9086,83
9087,55
9088,67
9089,26
9090,45
9091,6
9092,87
9093,91
9094,80
9095,23
9096,33
9097,64
9098,33
9099,59
9100,98
9101,25
9102,36
9103,28
9104,42
9105,48
9106,23
9107,78
9108,7
9109,80
9110,54
9111,23
9112,57
9113,95
9114,94
9115,3
9116,67
9117,10
9118,80
9119,23
9120,13
9121,21
9122,40
9123,36
9124,84
9125,67
9126,51
9127,0
9128,32
9129,87
9130,3
9131,44
9132,15
9133,43
9134,12
9135,39
9136,26
9137,23
9138,2
9139,1
9140,94
9141,87
9142,73
9143,71
9144,39
9145,69
9146,98
9147,65
9148,69
9149,23
9150,90
9151,10
9152,23
9153,90
9154,0
9155,96
9156,71
9157,90
9158,43
9159,8
9160,17
9161,2
9162,27
9163,51
9164,97
9165,59
9166,80
9167,24
9168,91
9169,41
9170,87
9171,1
9172,30
9173,40
9174,76
9175,99
9176,75
9177,51
9178,38
9179,87
9180,61
9181,6
9182,17
9183,28
9184,98
9185,2
9186,18
9187,34
9188,24
9189,51
9190,28
9191,6
9192,87
9193,38
9194,71
9195,83
9196,61
9197,80
9198,58
9199,65
9200,87
9201,96
9202,39
9203,57
9204,14
9205,55
9206,78
9207,17
9208,65
9209,44
9210,51
9211,92
9212,68
9213,39
9214,67
9215,92
9216,10
9217,37
9218,72
9219,36
9220,4
9221,51
9222,78
9223,90
9224,60
9225,34
9226,94
9227,18
9228,98
9229,8
9230,86
9231,36
9232,95
9233,18
9234,40
9235,15
9236,87
9237,65
9238,74
9239,65
9240,87
9241,72
9242,76
9243,77
9244,89
9245,36
9246,23
9247,23
9248,92
9249,40
9250,69
9251,97
9252,97
9253,12
9254,71
9255,34
9256,64
9257,52
9258,23
9259,40
9260,75
9261,83
9262,23
9263,76
9264,46
9265,54
9266,70
9267,44
9268,40
9269,46
9270,74
9271,12
9272,68
9273,1
9274,10
9275,4
9276,51
9277,73
9278,28
9279,28
9280,87
9281,17
9282,30
9283,42
9284,92
9285,86
9286,84
9287,89
9288,36
9289,94
9290,28
9291,0
9292,6
9293,19
9294,39
9295,84
9296,54
9297,8
9298,10
9299,69
9300,52
9301,82
9302,28
9303,39
9304,25
9305,80
9306,43
9307,9
9308,44
9309,34
9310,71
9311,87
9312,25
9313,25
9314,40
9315,24
9316,40
9317,76
9318,24
9319,33
9320,23
9321,40
9322,87
9323,23
9324,42
9325,50
9326,33
9327,59
9328,97
9329,94
9330,48
9331,93
9332,20
9333,18
9334,28
9335,50
9336,30
9337,92
9338,46
9339,30
9340,50
9341,47
9342,25
9343,99
9344,23
9345,75
9346,69
9347,25
9348,50
9349,65
9350,1
9351,96
9352,27
9353,54
9354,24
9355,7
9356,98
9357,18
9358,69
9359,23
9360,28
9361,78
9362,39
9363,85
9364,36
9365,98
9366,94
9367,12
9368,68
9369,25
9370,62
9371,80
9372,45
9373,87
9374,85
9375,43
9376,36
9377,94
9378,42
9379,61
9380,65
9381,44
9382,36
9383,18
9384,1
9385,53
9386,57
9387,25
9388,23
9389,10
9390,66
9391,94
9392,61
9393,45
9394,23
9395,71
9396,69
9397,47
9398,87
9399,87
9400,2
9401,49
9402,97
9403,46
9404,28
9405,81
9406,33
9407,12
9408,98
9409,39
9410,73
9411,12
9412,64
9413,83
9414,87
9415,87
9416,37
9417,11
9418,82
9419,62
9420,86
9421,23
9422,57
9423,10
9424,98
9425,54
9426,71
9427,94
9428,13
9429,8
9430,9
9431,87
9432,85
9433,48
9434,45
9435,14
9436,68
9437,42
9438,36
9439,97
9440,34
9441,13
9442,9
9443,6
9444,46
9445,90
9446,76
9447,93
9448,61
9449,65
9450,36
9451,85
9452,68
9453,57
9454,51
9455,51
9456,71
9457,28
9458,49
9459,12
9460,18
9461,69
9462,38
9463,58
9464,28
9465,23
9466,14
9467,56
9468,73
9469,10
9470,95
9471,39
9472,88
9473,86
9474,46
9475,37
9476,64
9477,54
9478,97
9479,23
9480,80
9481,72
9482,68
9483,36
9484,12
9485,92
9486,23
9487,54
9488,5
9489,66
9490,91
9491,23
9492,40
9493,57
9494,65
9495,16
9496,21
9497,35
9498,43
9499,1
9500,71
9501,76
9502,26
9503,73
9504,78
9505,86
9506,22
9507,71
9508,73
9509,24
9510,50
9511,89
9512,14
9513,31
9514,94
9515,90
9516,1
9517,54
9518,93
9519,51
9520,62
9521,23
9522,75
9523,44
9524,56
9525,28
9526,37
9527,97
9528,36
9529,3
9530,52
9531,52
9532,57
9533,59
9534,78
9535,44
9536,25
9537,18
9538,54
9539,23
9540,80
9541,87
9542,72
9543,13
9544,80
9545,91
9546,34
9547,82
9548,18
9549,49
9550,23
9551,32
9552,33
9553,25
9554,15
9555,59
9556,36
9557,80
9558,60
9559,87
9560,97
9561,56
9562,31
9563,71
9564,49
9565,1
9566,18
9567,10
9568,25
9569,46
9570,44
9571,15
9572,66
9573,47
9574,28
9575,25
9576,12
9577,40
9578,41
9579,23
9580,25
9581,91
9582,10
9583,39
9584,25
9585,56
9586,34
9587,43
9588,10
9589,1
9590,99
9591,25
9592,60
9593,49
9594,17
9595,86
9596,22
9597,17
9598,60
9599,30
9600,99
9601,71
9602,89
9603,50
9604,30
9605,39
9606,23
9607,1
9608,50
9609,47
9610,62
9611,36
9612,29
9613,0
9614,94
9615,88
9616,55
9617,52
9618,48
9619,28
9620,10
9621,44
9622,36
9623,32
9624,10
9625,23
9626,99
9627,82
9628,84
9629,36
9630,23
9631,1
9632,59
9633,13
9634,55
9635,92
9636,18
9637,40
9638,49
9639,49
9640,55
9641,8
9642,21
9643,44
9644,82
9645,10
9646,87
9647,6
9648,8
9649,25
9650,72
9651,73
9652,89
9653,1
9654,83
9655,34
9656,32
9657,40
9658,20
9659,59
9660,69
9661,44
9662,55
9663,18
9664,82
9665,1
9666,75
9667,93
9668,94
9669,28
9670,89
9671,42
9672,94
9673,43
9674,74
9675,41
9676,6
9677,80
9678,1
9679,14
9680,23
9681,23
9682,39
9683,9
9684,94
9685,71
9686,53
9687,50
9688,51
9689,47
9690,45
9691,5
9692,74
9693,39
9694,98
9695,53
9696,71
9697,71
9698,26
9699,59
9700,28
9701,23
9702,36
9703,18
9704,77
9705,96
9706,23
9707,44
9708,54
9709,5
9710,39
9711,96
9712,16
9713,87
9714,65
9715,10
9716,87
9717,13
9718,80
9719,22
9720,96
9721,87
9722,30
9723,0
9724,54
9725,57
9726,89
9727,90
9728,23
9729,50
9730,33
9731,91
9732,87
9733,83
9734,82
9735,23
9736,16
9737,9
9738,36
9739,40
9740,50
9741,5
9742,38
9743,79
9744,6
9745,77
9746,95
9747,20
9748,34
9749,36
9750,97
9751,1
9752,86
9753,95
9754,1
9755,59
9756,33
9757,65
9758,18
9759,81
9760,23
9761,23
9762,2
9763,87
9764,49
9765,99
9766,79
9767,84
9768,87
9769,67
9770,95
9771,98
9772,67
9773,18
9774,30
9775,89
9776,73
9777,80
9778,9
9779,80
9780,23
9781,94
9782,23
9783,2
9784,89
9785,33
9786,69
9787,69
9788,51
9789,87
9790,25
9791,59
9792,65
9793,6
9794,66
9795,36
9796,29
9797,6
9798,90
9799,73
9800,64
9801,63
9802,6
9803,87
9804,87
9805,95
9806,30
9807,18
9808,73
9809,1
9810,80
9811,28
9812,48
9813,28
9814,76
9815,21
9816,87
9817,70
9818,71
9819,23
9820,45
9821,65
9822,28
9823,54
9824,41
9825,71
9826,23
9827,65
9828,22
9829,80
9830,33
9831,44
9832,41
9833,92
9834,81
9835,44
9836,49
9837,92
9838,28
9839,71
9840,44
9841,93
9842,31
9843,28
9844,36
9845,87
9846,0
9847,74
9848,23
9849,71
9850,89
9851,27
9852,21
9853,30
9854,40
9855,31
9856,2
9857,61
9858,30
9859,87
9860,23
9861,66
9862,71
9863,63
9864,23
9865,68
9866,23
9867,8
9868,6
9869,69
9870,34
9871,87
9872,25
9873,67
9874,36
9875,17
9876,59
9877,30
9878,46
9879,14
9880,55
9881,30
9882,64
9883,87
9884,6
9885,40
9886,53
9887,26
9888,0
9889,18
9890,71
9891,95
9892,69
9893,20
9894,99
9895,12
9896,33
9897,22
9898,47
9899,71
9900,1
9901,28
9902,66
9903,5
9904,76
9905,0
9906,73
9907,10
9908,40
9909,90
9910,71
9911,92
9912,18
9913,2
9914,18
9915,18
9916,49
9917,80
9918,80
9919,92
9920,31
9921,9
9922,28
9923,18
9924,73
9925,18
9926,68
9927,65
9928,69
9929,28
9930,49
9931,18
9932,10
9933,2
9934,76
9935,67
9936,56
9937,69
9938,28
9939,96
9940,44
9941,97
9942,68
9943,50
9944,26
9945,93
9946,12
9947,40
9948,93
9949,65
9950,34
9951,92
9952,26
9953,0
9954,2
9955,77
9956,36
9957,20
9958,99
9959,74
9960,16
9961,36
9962,87
9963,10
9964,80
9965,1
9966,32
9967,12
9968,27
9969,49
9970,9
9971,25
9972,80
9973,40
9974,65
9975,52
9976,24
9977,65
9978,23
9979,36
9980,87
9981,73
9982,48
9983,27
9984,28
9985,49
9986,36
9987,12
9988,70
9989,31
9990,76
9991,35
9992,35
9993,71
9994,48
9995,90
9996,28
9997,23
9998,59
9999,13
